Date,Area,130,140,150,160,170,180,190,200,210,220,230,240,250,260,270,280,290,300,310,320,330,340,other
2008/4/15,14_ota,0,0.2,0,0,0,0,0,0,0,0,0,0,0,0,0,0,0,0,0,0,0,0,2.2
2008/4/22,14_ota,0.1,0.1,0.3,1.3,1.8,0.4,0,0.1,0,0,0,0,0,0,0,0,0,0,0,0,0,0,43.5
2008/4/25,14_ota,0,0,0,0.1,0,0.3,0.2,0,0,0,0,0,0,0,0,0,0,0,0,0,0,0,2.5
2008/4/28,14_ota,0,0.1,0,0,0,0.3,0.3,0.3,0.3,0.3,0.3,0,0,0,0,0,0,0,0,0,0,0,3.3
2008/5/2,14_ota,0,0.2,0,0.1,0.3,0.1,0,0,0,0.1,0,0,0,0,0,0,0,0,0,0,0,0,1.5
2008/5/6,14_ota,0,0.6,0,0.6,0.6,0.6,0.1,0,0,0,0,0,0,0,0.1,0,0,0,0,0,0,0,1.6
2008/5/8,14_ota,0,0.3,0.7,0.3,0.1,0.5,0.8,0.4,0,0.3,0.3,0,0,0,0,0,0,0,0,0,0,0,7.1
2008/5/10,14_ota,0.1,0.1,0.5,0.8,0.6,0.3,0.4,1,0.4,0.5,0.5,0.3,0.1,0.1,0.1,0,0,0,0,0,0,0,8.6
2008/5/12,14_ota,0,0.1,0.1,0.4,0.4,0.3,0.3,0.4,0.6,0.3,0.1,0.1,0.1,0,0.2,0,0,0,0,0,0,0,2.9
2008/5/14,14_ota,0,0.2,0.1,0.4,0.2,0.3,0.7,0.4,0.3,0.4,0.5,0.2,0.5,0.2,0,0.1,0,0.1,0,0,0,0,17.5
2008/5/16,14_ota,0.1,0.3,0.1,0.2,0.1,0.1,0.2,0.3,0.4,0.2,0.3,0.2,0,0,0,0.1,0.1,0,0,0,0,0,10.3
2008/5/20,14_ota,0.2,0.1,0.1,0,0,0.1,0,0.1,0.3,0.1,0.4,0.2,0.3,0.4,0.3,0.3,0.5,0.3,0.1,0,0,0,6.3
2008/5/26,14_ota,0,0,0,0.1,0.1,0.4,0.5,0.2,0.2,0.1,0.3,0.2,0.3,0.1,0.3,0.1,0,0.6,0.1,0,0,0,137.2
2009/4/15,14_ota,0,0,0.4,1,0.1,0.4,0,0,0,0,0,0,0,0,0,0,0,0,0,0,0,0,20.8
2009/4/24,14_ota,0,0,0.3,0.2,0,1.2,0.5,0.3,0,0,0.2,0.3,0.2,0,0,0.2,0,0,0,0,0,0,6.7
2009/4/28,14_ota,0,0.2,0.3,0.3,0.3,0.2,0.5,0.5,0,0.3,0.7,0.7,0.5,0.2,0,0,0,0,0,0,0,0,9.2
2009/4/30,14_ota,0.8,1.2,0.8,1.2,1.2,1.3,0.3,1.3,0.5,2.2,0.7,0.5,1.3,0.8,0.3,0.2,0,0,0,0,0,0,34.3
2009/5/7,14_ota,0,0.2,2.7,8.8,5.7,4.2,5.8,6.3,6.2,4.3,3.3,6.2,3.2,3.8,1.8,2.3,1.7,0.7,0,0,0,0,28.8
2009/5/12,14_ota,0,0,1.7,3,1.3,4.7,2,2.7,2,1.3,0.7,2.3,0.3,0.7,0,0,1.3,0.3,0,0,0,0,240.7
2009/5/22,14_ota,0,0,0.5,5,5,2.5,3,1.5,2,0,4.5,2.5,8,4.5,3,3,0,0,0,0,0,0,308.5
2010/4/16,14_ota,0,0,0,0,0,0,0,0,0,0,0,0,0,0,0,0,0,0,0,0,0,0,2.7
2010/4/20,14_ota,0,0,0.2,0,0,0,0,0,0,0,0,0,0,0,0.2,0,0,0,0,0,0,0,4.2
2010/4/26,14_ota,0.2,0,1.3,1.5,1.3,0.7,0.3,0.2,0,0,0.2,0,0,0,0,0,0,0,0,0,0,0,26.5
2010/4/30,14_ota,0,0,0.7,0,0,0.2,0.2,0,0,0,0,0,0,0,0,0,0,0,0,0,0,0,3.3
2010/5/6,14_ota,0,0,0,0.7,0.5,0.2,0.3,0,0.5,0.3,0,0.2,0,0,0,0,0,0,0,0,0,0,19.3
2010/5/10,14_ota,0,0,1.5,0,0.8,1,0.2,0.7,0.3,1.3,0.2,0.2,0.3,0.2,0.2,0,0,0,0,0,0,0,55.2
2010/5/14,14_ota,0.2,0.7,0,0.3,0,0.3,0.3,0.5,0,0.3,0.2,0.3,0.2,0.2,0.2,0,0,0,0,0,0,0,42.7
2010/5/17,14_ota,1.2,0.8,1.8,0.7,0.7,0.8,1.2,1.7,0.8,0.7,0.7,0.5,0.7,0.7,0,0.3,0,0.2,0,0,0,0,158.7
2010/5/20,14_ota,0.2,0.3,0.3,1.2,0.2,0,0,0.2,0.3,0.2,0.5,0.2,0.8,0.3,0.7,0,0,0,0,0,0,0,65.7
2010/5/28,14_ota,0.3,0,0.3,0.3,0.3,0.5,0.5,2,0.7,1.7,0.8,0.5,0.2,0,0,0.2,0.2,0,0,0,0,0,214.3
2011/4/21,14_ota,0.2,0.6,0.4,1,0.4,1,1,0.6,0.4,0.2,0.2,0,0,0,0,0,0,0,0,0,0,0,16.8
2011/4/25,14_ota,0.2,0.2,0.2,0.4,0.4,0.2,0,0,0.2,0.4,0,0,0,0,0,0,0,0,0,0,0,0,23.3
2011/4/28,14_ota,0,0,0.6,0.4,0.4,0.2,0.6,0.4,0.6,0.2,0,0,0.6,0,0,0,0,0,0,0,0,0,25.5
2011/5/2,14_ota,0.2,0.2,0.6,1.7,0.6,1,1,1,1.5,2.1,0.8,0.6,0.4,0.8,0.4,0.6,0,0.2,0,0,0,0,70.9
2011/5/6,14_ota,0.2,1.1,1,1.1,1.3,1,2.3,2.7,2.1,1.9,1.3,1.9,0.8,0.6,1.5,0.8,1.1,0.4,0,0,0,0,121.4
2011/5/16,14_ota,0.2,0.2,0.4,0.8,1.3,0.4,0,0.2,0,0,0.6,0.2,0.8,0.4,0,0.2,0,0,0,0,0,0,119.5
2011/5/23,14_ota,0.2,0,0,0,0,0.2,0.2,0.6,0.8,0.4,0.6,0.2,1,0.6,0.4,0.6,0.6,0,0,0,0,0,61.6
2012/4/27,14_ota,1,0,0.5,0.3,0.3,0.5,0.3,0.3,0.2,0,0,0.3,0,0,0,0,0,0,0,0,0,0,26.5
2012/5/1,14_ota,0,0,1,0.8,1.3,2.3,1.3,0.7,0.8,0.3,0.2,0,0.3,0,0,0,0,0,0,0,0,0,32.2
2012/5/5,14_ota,0,0.2,0.2,0.3,0.5,1.7,1.3,3,1.5,1,0.7,0.2,0.8,0,0,0.2,0,0,0,0,0,0,0
2012/5/7,14_ota,0.2,0,0.7,0.3,0.2,0,0.2,0.3,0.2,0.2,0.3,0.2,0,0,0,0,0,0,0,0,0,0,35.7
2012/5/10,14_ota,0.7,0.7,0.7,0.7,0.5,0.8,0.5,0.3,0,1,1.2,0.3,0.5,0.3,0,0,0.2,0,0,0,0,0,85.4
2012/5/14,14_ota,0.7,0.3,0.5,0.7,0,0.5,0.5,0.7,0.7,0.7,0.2,0.5,0.2,0,0,0.5,0,0,0,0,0,0,47.8
2012/5/21,14_ota,0,0,0,0,0,0.2,0,0,0,0,0,0.5,0.3,1,0.3,0.2,0.3,0,0,0,0,0,108.5
2013/4/17,14_ota,0,0,0,0,0,0,0,0,0,0,0,0,0,0,0,0,0,0,0,0,0,0,0.5
2013/4/24,14_ota,0,0,0,0,0,0,0,0,0,0,0,0,0,0,0,0,0,0,0,0,0,0,1
2013/4/30,14_ota,0,0.5,1.5,0,0,0.5,0,0,0,0,0,0,0,0,0,0,0,0,0,0,0,0,2.5
2013/5/8,14_ota,1.8,1.5,1.8,1.7,1.3,2,1.2,1.3,1.2,0.8,0.3,0.5,0.7,0.7,0,0,0,0,0,0,0,0,175
2013/5/10,14_ota,3.7,1,2.5,2.2,1.2,1.8,1.8,3.7,1.8,1,1.5,1,2,0.7,0.3,0.3,0,0,0,0,0,0,196.4
2013/5/15,14_ota,0.2,0.5,0.3,0,0.2,0.3,0.2,0.7,0,0.2,0.2,0.2,0.2,0,0.2,0.2,0,0,0,0,0,0,27
2013/5/21,14_ota,0,0.2,0.2,0,0.2,0.5,0.2,0.3,0.2,0.2,0.3,0.3,0,0.2,0.2,0.2,0,0.3,0,0,0,0,43.6
2014/4/21,14_ota,0,0,0,0,0,0.2,0,0,0,0,0,0,0,0,0,0,0,0,0,0,0,0,0.7
2014/4/25,14_ota,0,0,0,0,0,0,0,0,0,0,0,0,0,0,0,0,0,0,0,0,0,0,0
2014/5/1,14_ota,0.2,0,0.7,0,0.3,0.2,0,0,0,0,0,0,0,0,0,0,0,0,0,0,0,0,3.9
2014/5/7,14_ota,0.5,0.2,0,0,0,0.2,0.7,0.5,0.2,0,0,0,0,0,0,0,0,0,0,0,0,0,2.2
2014/5/12,14_ota,0,0.2,2.2,0.3,0.2,0.2,0,0.2,0,0,0.2,0.2,0,0,0,0,0,0,0,0,0,0,8.6
2014/5/15,14_ota,0.2,0.5,0.5,0.8,0.5,0.5,0.7,0,0,0.3,0,0,0.2,0.2,0,0,0,0,0,0,0,0,10.4
2014/5/16,14_ota,0.2,0.5,0.3,0.3,0.3,0.3,0.5,0.2,0,0,0.2,0.2,0.2,0,0,0,0,0,0,0,0,0,6.5
2014/5/19,14_ota,0,1.3,4.9,2,0.5,1.5,0.7,1,0.2,0,0,0,0,0,0.3,0,0,0,0,0,0,0,88.6
2014/5/21,14_ota,0.5,0.2,2.2,2.4,0.7,0.5,0.3,0.3,0.7,0,0.2,0.2,0.3,0,0,0,0.2,0,0,0,0,0,75.2
2014/5/23,14_ota,0.7,0,0.7,2.5,1.5,0.7,0.3,0.8,0.2,0.8,0.2,0.2,0,0,0.7,0,0,0,0,0,0,0,52.8
2014/5/28,14_ota,0,0,0,0.5,0,1.2,1,1.5,0.7,0.7,1.3,0.3,0.2,0.8,0.3,1,0.2,0.2,0,0,0,0,43.5
2014/6/4,14_ota,0,0,0,0.2,0.2,0.3,0.5,0.3,0.2,0.5,0.5,1.5,1.9,2.2,2.7,3.5,1,0.3,0,0,0,0,104.3
2014/6/11,14_ota,0,0,0,0,0,0,0.2,0,0.2,0,0,0.2,0,0.5,0,1,0.7,0.2,0,0,0,0,115.1
2015/4/13,14_ota,0,0.2,0,0.2,0.2,0.2,0,0,0,0.3,0,0.3,0.2,0,0,0,0,0,0,0,0,0,34.7
2015/4/16,14_ota,0.2,1,2,0.2,0.3,0.3,1,0.7,0.7,0.5,0.2,0,0.3,0,0.2,0,0,0,0,0,0,0,38.4
2015/4/20,14_ota,0,0,0,0,0,0.3,0.2,0.2,0.2,0.3,0.5,0,0.2,0.2,0,0,0,0,0,0,0,0,16.1
2015/4/23,14_ota,0,0.2,0.2,0.3,0.3,0.2,0.2,0,0.2,0,0,0,0.2,0,0.2,0,0,0,0,0,0,0,12.9
2015/4/27,14_ota,0,0.2,0.3,0.2,0.3,0.3,0,0,0.2,0.8,1,0.3,0.5,0.2,0.3,0.2,0,0,0,0,0,0,15.6
2015/4/30,14_ota,0.2,0.3,0.2,0.3,0.5,0,0.7,1.5,1.3,1.5,2,1.3,2.5,2.2,1.3,1.3,0.3,0.2,0,0,0,0,195.1
2015/5/7,14_ota,0.2,0.5,0.3,0.3,0,0.7,0.7,0.3,0.2,0,0.3,0,0.7,0.2,0.3,0.2,0.2,0.3,0,0,0,0,60.4
2015/5/14,14_ota,0,0.8,4.5,4.7,1.2,0.5,0.2,0.5,0.3,1,0.5,0.3,0.7,1,0.5,0.3,0.3,0.2,0,0,0,0,80.1
2015/5/26,14_ota,0,0,0,0,0,0,0,0,0,0,0,0.5,0,0,0.3,0,0,0.3,0,0,0,0,56.4
2016/4/13,14_ota,0,0,0,0,0,0,0,0,0,0,0,0,0,0,0,0,0,0,0,0,0,0,1.7
2016/4/19,14_ota,0,0,0.3,0.5,0,0.5,0,0,0,0.3,0,0,0,0,0,0,0,0,0,0,0,0,6.5
2016/4/22,14_ota,0.3,0.3,0,0,0.2,0.2,0,0,0,0,0,0,0,0,0,0,0,0,0,0,0,0,1.8
2016/4/25,14_ota,0,0.2,0,0,0,0,0.5,0.2,0.3,0.5,0.2,1,0,0.2,0.2,0.2,0,0.2,0,0,0,0,26.2
2016/4/28,14_ota,0,0.2,0.2,0,0,0,0.2,1.3,1,0.2,0.5,0.2,0.2,0.2,0,0.2,0,0,0,0,0,0,11.9
2016/5/2,14_ota,0,0.2,0.2,0,0.5,0.8,1.9,2,2.4,3.7,5,2.4,0.8,1.2,0.5,0.3,0,0,0,0,0,0,50.8
2016/5/6,14_ota,0,0.8,0.5,0.5,0.3,0.2,0.3,0.5,0.8,1.9,2,1.7,0.8,2.4,1.7,1.5,0.5,0.5,0,0,0,0,158.9
2016/5/9,14_ota,0,0,0.2,0,0,0.3,0,0,0,0,0.2,0.3,0.7,0.2,0.5,0.5,0.2,0.2,0,0,0,0,8.9
2016/5/12,14_ota,0,0,0.5,0,0,0,0.3,0,0,0,0,0,0,0,0,0,0,0.8,0,0,0,0,58.9
2016/5/18,14_ota,0,0,0,0,0.2,0.2,0.2,0,0,0.2,0,0,0.3,0.2,0.3,0.5,0.2,0.2,0,0,0,0,41.6
2017/4/17,14_ota,0,0,0.3,0.2,0,0,0,0,0,0,0,0,0,0,0,0,0,0,0,0,0,0,2.2
2017/4/24,14_ota,0,1.7,3.7,2.7,2.3,1.8,1.5,2.3,0.3,0.2,0.2,0,0,0,0,0,0,0,0,0,0,0,14.3
2017/4/27,14_ota,0.2,0.3,0.5,0.3,0.5,0.5,0.3,0.2,0.5,0.5,0.3,0.2,0,0,0,0,0,0,0,0,0,0,16.6
2017/5/1,14_ota,0,0.7,1.2,0.8,0.7,0.2,1.2,1.3,0.8,1.8,1,1,0.7,0.7,0.5,0,0,0,0,0,0,0,12.6
2017/5/8,14_ota,0,0,0,1.7,1.3,2,3.5,3.4,2.9,1.3,0.7,0.7,0.7,1.7,1,0.7,0.5,0.3,0,0,0,0,134.2
2017/5/16,14_ota,0,0,0,0,0,0.2,0.7,0.8,1,0.2,0.2,1,0.5,0.7,0.5,0.3,0.7,0.2,0,0,0,0,115.4
2018/4/3,14_ota,0,0,0,0,0,0,0,0,0,0,0,0,0,0,0,0,0,0,0,0,0,0,6.5
2018/4/10,14_ota,6,3,1,0,0,0,0,0,0,0,0,0,0,0,0,0,0,0,0,0,0,0,4.5
2018/4/17,14_ota,5,2,1.5,3.5,5.5,2.5,0,0,0,0,0,0,0,0,0,0,0,0,0,0,0,0,13.6
2018/4/20,14_ota,2.7,3.2,5,4.5,5.2,4.7,2.5,1.7,1,0,0,0,0,0,0,0,0,0,0,0,0,0,62.2
2018/4/23,14_ota,1,1,1.7,1.8,2,1.3,1.2,1.3,0.5,0.3,0.3,0,0,0,0,0,0,0,0,0,0,0,21.6
2018/4/26,14_ota,2,3.4,2.5,3.4,3.5,3.2,4.9,5.9,3.9,3.9,2,1.7,1.2,1,0,0,0,0,0,0,0,0,84.4
2018/5/1,14_ota,1.5,2.2,3.7,4,2.2,2.2,0.7,0.8,1,0.8,0.5,0.8,1.2,0.7,1,1.2,0.2,0,0,0,0,0,19
2018/5/7,14_ota,0,0.2,1,1.3,1.7,1.2,0.8,2,0.8,1,0.2,0,0,0,0,0.2,0.2,0.3,0,0,0,0,38.6
2018/5/10,14_ota,0,0,1.3,3.4,3.4,3.5,2.2,2.2,1.3,2.2,1.5,1.2,0.8,0.5,1.3,1.2,0.8,3,0,0,0,0,270.6
2018/5/15,14_ota,0,0.3,2,3.5,4.4,2.9,1.8,1.8,2,1.8,2.3,1.5,1,0.7,1.3,0.8,1.5,1.8,0,0,0,0,461.5
2018/5/22,14_ota,0,0,0,0.5,1.5,1.5,2,3,3,3,1.5,3,3,1.5,2,1.5,2,4,0,0,0,0,"1,335.70"
2019/4/17,14_ota,1.5,6,0.5,0,0,0,0,0,0,0,0,0,0,0,0,0,0,0,0,0,0,0,23.7
2019/4/22,14_ota,0.3,1.5,2.5,2.7,1.8,0.5,0,0,0,0,0,0,0,0,0,0,0,0,0,0,0,0,24.2
2019/4/25,14_ota,0.7,1.2,1.5,1.3,0.8,0.5,0.7,0.5,0,0,0,0,0,0,0,0,0,0,0,0,0,0,15.6
2019/4/29,14_ota,0.2,2.5,4,4.5,2,0.8,0.7,1.3,0.3,0.2,0,0,0,0,0,0,0,0,0,0,0,0,27.3
2019/5/2,14_ota,0.3,0.5,0.8,1.7,2.7,2.9,3,4.5,1.5,2.9,2.7,1.2,0,0,0,0,0,0,0,0,0,0,125.5
2019/5/6,14_ota,0.4,1.2,1.1,0.6,1.1,1,1.6,1.1,0.9,0.6,0.9,0.8,0.9,0.7,0.3,0,0,0,0,0,0,0,40.9
2019/5/13,14_ota,0,0,0.3,0.5,0.5,0.8,1.3,1.3,0.7,0.7,0.5,0.8,0.7,1.3,0.7,1,0.7,0.2,0,0,0,0,43.3
2019/5/22,14_ota,0,0,1.5,4.5,3,2.5,1,0,0,0,0,0.5,0,0,0.5,0,0,0.5,0,0,0,0,25.7
2019/5/28,14_ota,0,0,0,0.5,0.5,1,1.3,1,1,0.5,0.3,1,1.3,1.8,1.7,1,0.7,0.2,0,0,0,0,115.2
2019/6/4,14_ota,0,0,0,0,0,0.7,0.3,0,0.7,0.7,0.3,0.3,1,1.3,0.7,0.3,0.3,0,0,0,0,0,60.7
2019/6/12,14_ota,0,0,0,0,0,0,0.3,0,0.3,0,0,0,0,0.3,0.7,0.3,0,0,0,0,0,0,178.7
2020/4/13,14_ota,13.6,14.6,9.1,4,5.5,3.5,3.5,1,1.5,1,0,0.5,0.5,0,0,0.5,0,0,0,0,0,0,120.8
2020/4/17,14_ota,0.5,2.5,3.3,8.8,4.5,1.5,1.5,1,1,0.8,0.3,0,0.3,0.3,0,0,0,0,0,0,0,0,65.2
2020/4/20,14_ota,0,0.8,2.9,4.9,5.2,3.9,3.9,3,1.7,2,1,0.5,1.2,0,0.2,0.2,0,0.2,0,0,0,0,391.5
2020/4/24,14_ota,0,0,4.4,5.2,7.9,4.5,3.5,1.7,1.3,1.7,1.5,0.8,0.5,0.2,0.3,0.2,0,0,0,0,0,0,50.7
2020/4/27,14_ota,1.7,3.7,4.7,4.5,7.2,4,3.5,4,2.7,1.8,0.8,1,1.3,1,0.3,0.7,0,0,0,0,0,0,44.6
2020/4/30,14_ota,0,0,0.7,1.2,1.7,1.8,0.7,1.7,1.2,1.2,1.2,0.8,1.2,0.7,0.5,0.7,0.2,0,0,0,0,0,19.8
2020/5/7,14_ota,0,0,1.8,1.7,1.8,4.7,2.2,4.4,1.5,2.9,2.5,3.7,4.5,3.2,3,2,2.7,2.2,0,0,0,0,86.7
2020/5/13,14_ota,0,0.2,1.2,1.2,1,1.2,0.7,1.2,0.8,1.3,0.5,0.7,0.2,0.7,0.5,0.3,0.3,0.2,0,0,0,0,86.7
2020/5/19,14_ota,0,0,0.2,0.7,1,1.3,0.8,2,1.8,1.8,1.3,0.7,1.7,0.7,1.2,1,0.5,2,0,0,0,0,196.1
2020/5/26,14_ota,0,0,1.2,1.5,0.5,0.2,0.3,0.7,0.7,0.8,1.2,0.5,1,1,1,1.3,0.7,1,0,0,0,0,118.8
2020/6/2,14_ota,0,0,0.5,0.2,0.3,1.2,1,0.7,0.2,0,0,0,0,0,0.5,0.2,0.5,0.5,0,0,0,0,102.3
2021/4/20,14_ota,0,0,0,0,0,0,0.3,0,0,0.3,0,0,0,0,0,0,0,0,0,0,0,0,2.5
2021/4/27,14_ota,1,5.8,7.8,4,0.3,0.3,0.3,0.3,0.3,0.3,0.3,0.3,0.3,0,0,0,0,0,0,0,0,0,8.8
2021/4/29,14_ota,0,0,0.3,0.5,0,0,0,0,0,0,0.3,0,0,0,0,0,0,0,0,0,0,0,3.3
2021/5/5,14_ota,0.3,0.7,1.7,5.7,6.9,6.4,5.4,3.9,4.5,0.7,0.5,0,0.3,0.2,0,0,0.2,0,0,0,0,0,328.3
2021/5/7,14_ota,0.7,3.9,5.9,7,14.3,12.2,5.7,8.9,6.2,3.9,0.7,0.3,0.2,0.2,0.3,0,0,0,0,0,0,0,370.1
2021/5/12,14_ota,0.2,1,3.7,5,4.5,5.9,2.9,1,1.2,1,0.7,0.3,0.3,0.2,0.3,0.3,0,0,0,0,0,0,60.7
2021/5/18,14_ota,0.7,2.5,4,2.3,2.7,3.7,4.2,3.2,2.7,1.7,1.2,1,0.7,1.2,0.7,0.3,0.5,0.2,0,0,0,0,26.2
2021/5/25,14_ota,0,0,0.3,0.3,0.7,0.8,0.8,0.5,0.2,0.2,0.5,0.7,0.3,0.5,0.5,0.7,0.3,0,0,0,0,0,75.7
2021/6/1,14_ota,0,0,0,0,0.2,0,0.2,0,0.3,0.3,0.3,0.3,0.3,0.5,0.2,0.3,0,0,0,0,0,0,47.6
2022/4/18,14_ota,3.5,10.4,5,3.2,2.7,0.7,1.2,0.3,0.3,0.2,0.5,0,0,0,0,0,0,0,0,0,0,0,11.4
2022/4/21,14_ota,0,1,1.8,1.5,0.7,0.7,0.3,0.3,0.3,0.2,0,0,0,0,0,0,0,0,0,0,0,0,11.7
2022/4/25,14_ota,0,0.3,0.3,2.2,3.4,3,1.7,1.3,3,1.7,0.5,0.7,0.3,0.7,0,0.5,0.2,0,0,0,0,0,14.8
2022/4/27,14_ota,0,0.5,0.3,0.7,1,0.3,0.3,1.2,1.2,1.7,0.5,0.5,0.8,0.5,0.3,0.3,0,0.3,0,0,0,0,13.4
2022/5/2,14_ota,0,0.3,0.2,0.3,1.7,1,1.7,0.5,1.5,1.5,1,1.7,0.5,0.7,0.2,0.7,0.8,0.2,0,0,0,0,14.4
2022/5/6,14_ota,0,0,0.2,0.2,0,0,0,0,0.3,0.5,0.7,1.3,0.5,1.3,1.5,1.7,0.8,0.8,0,0,0,0,11.9
2022/5/9,14_ota,0,0,0,0,0,0.2,0,0,0.5,0.2,0.3,0.8,0.8,1.3,1,2,1,0,0,0,0,0,10.4
2022/5/12,14_ota,0,0,0.5,0.5,0.3,0.2,0.3,0.2,0,0.3,0.3,0.2,0,0.2,0.2,0.5,0.3,0.7,0,0,0,0,12.1
2022/5/16,14_ota,0,0,0.3,0.2,0,0.7,1,0.5,0.2,0.5,0.7,0.3,0,0.2,0,0.5,0.2,0.7,0,0,0,0,4.2
2022/5/19,14_ota,0,0,1.2,2.3,3,2.2,3.5,2,2.5,1.7,2.2,1.7,1.5,1.2,1.2,1,0.8,1.3,0,0,0,0,33.9
2022/5/24,14_ota,0,0.2,5,9.1,1.3,0.2,0,0.2,0.2,0,0,0,0.5,0.7,0.3,0.5,0.2,0.5,0,0,0,0,15.4
2022/5/31,14_ota,0.5,0.3,0.5,1,0.3,0.3,0.3,0,0.5,0.7,1.2,0,0,0.2,0.2,0.3,0.8,0.2,0,0,0,0,119.6
2022/6/8,14_ota,0,0,0,0,0.2,0,0.2,0.2,0.2,0,0,0,0,0,0,0,0,0,0,0,0,0,90.8
2022/6/14,14_ota,0.3,0,0.7,0.3,1.3,0.3,0.7,1,1,0,0,0.3,0,0,0,0,0,0.3,0,0,0,0,"1,212.30"
2023/4/11,14_ota,0,0.3,0.5,0,0,0,0.5,0,0.2,0.5,0,0,0,0,0,0,0,0,0,0,0,0,2
2023/4/14,14_ota,0.2,0.3,0,0.2,0.3,0,0.5,0,0.2,0.2,0,0,0,0,0,0,0,0,0,0,0,0,5.9
2023/4/18,14_ota,0,1.7,0.8,0.3,0.7,0.2,0.3,0.2,0,0.2,0,0,0,0,0,0,0,0,0,0,0,0,15.6
2023/4/20,14_ota,0,0.3,0.7,1,0.2,0.5,0.5,0.2,0.8,0.7,0.2,0.2,0.2,0,0,0.2,0.3,0,0,0,0,0,37.7
2023/4/25,14_ota,0,1.7,3.4,1.3,0.8,1.2,0.5,0.2,0.3,0.2,0,0.2,0.5,0.5,0,0,0.2,0.2,0,0,0,0,14.4
2023/4/28,14_ota,0,0,0.2,1.7,1.7,0.8,0.7,0.3,0.7,0,0.5,0.2,0,0,0.2,0,0,0.3,0.3,0,0,0,7
2023/5/1,14_ota,0,0,0,0.2,0.2,0,0.7,0.7,0,0.5,0.7,0,0,0,0,0,0,0.3,0.2,0,0.3,0,4
2023/5/6,14_ota,0,0,0.3,0.2,0,0,0,0.3,0,0.2,0.2,0,0,0,0,0,0,0,0.2,0.2,0,0,4.6
2023/5/8,14_ota,0,0.5,2,1.5,1.3,0.8,0.7,0.8,1.5,1.5,3.5,3,2.5,1.2,1.2,2.7,2,1.2,2.2,0.5,0,0,98
2023/5/10,14_ota,0,0.2,0.2,0.3,0,0.2,0.2,0,0.5,0,0,0,0.2,0.5,0.2,0.3,0.2,0.2,0.2,0,0,0,13.3
2023/5/16,14_ota,0,0.3,0.7,1.5,1.7,1.3,0.7,0.2,0,0,0.3,0,0.2,0.3,0.5,0.3,0.2,0.3,0,0,0,0,19.8
2023/5/24,14_ota,0,0.2,0,5.7,3.4,1.3,0.8,1.3,0.7,0.2,0,0.2,0,0,0.2,0.2,0,0,0,0,0,0,11.4
2024/4/15,14_ota,0,1,2.3,3.5,1,1,0.5,0.8,0.5,0.5,0,0,0,0,0,0,0,0,0,0,0,0,18.6
2024/4/18,14_ota,0,0,0,0,0.2,0.2,0.2,0,0,0,0,0,0,0,0,0,0,0,0,0,0,0,10.1
2024/4/22,14_ota,0,0,0,0,0.2,0.3,0.8,0.7,0.3,0.2,0,0.2,0,0,0,0,0,0,0,0,0,0,7.5
2024/4/24,14_ota,0,0.2,0.2,0.2,0.2,0.3,0.8,0.7,1,0.2,0.2,0.2,0,0.2,0,0,0,0,0,0,0,0,56.4
2024/4/26,14_ota,0,0,0,0,0,0,0.2,0.2,0.2,0.8,0.2,0.2,0.3,0,0,0,0,0,0,0,0,0,19.6
2024/4/30,14_ota,0,0,0.3,0.3,0.2,0,0.7,0.2,0.5,0.3,0,0.2,0,0.2,0,0,0,0,0,0,0,0,5
2024/5/2,14_ota,0,0,1,0.5,0,0.5,2,0.5,0,0.5,0.5,0,0.5,0,0,0,0,0,0,0,0,0,2
2024/5/7,14_ota,0.5,6.5,2.5,0,1,0.5,1.5,0.5,0.5,1.5,0.5,0,1.5,3.5,1.5,0.5,0,0,0,0,0,0,27.7
2024/5/10,14_ota,0,1,12.6,25.7,24.2,8.1,1.5,1,1,0.5,1,2.5,0.5,2,2,3.5,1,0,0,0,0,0,84
2024/5/14,14_ota,0,0,6,13.6,20.1,29.7,23.7,4.5,2.5,1.5,0,0.5,0,1,1.5,0,1,0,0,0,0,0,26.2
2024/5/22,14_ota,1.5,3.5,14.1,23.7,25.7,30.7,27.2,17.6,18.1,14.1,15.1,15.1,11.1,5.5,3.5,0.5,0.5,1,0,0,0,0,"2,335.10"
2024/5/29,14_ota,0,0,1,1.5,2,1,1,0.5,0.5,2.5,2.5,1.5,2,5,6,6,5,1.5,0,0,0,0,599.9
2024/6/5,14_ota,0,0,0.5,2.5,2.5,3.5,5,6.5,4,4,1.5,1.5,0,1,1.5,1.5,1,0.5,0,0,0,0,993.9
2025/4/11,14_ota,0,0,0,0.2,0.2,0.2,0,0,0,0.2,0.2,0.8,0.2,0.3,0,0.2,0,0,0,0,0,0,10.4
2025/4/15,14_ota,0,0,1,2,3.5,3.2,4.4,4.4,3.7,1.8,1.8,0.3,0.7,0.8,0.5,1.3,0.5,0.2,0,0,0,0,59.2
2025/4/21,14_ota,0,0.5,0.8,0,0.3,0.2,0.5,0.2,0,0.2,0.2,0.3,0,0,0,0.3,0,0,0,0,0,0,10.2
2025/4/24,14_ota,0,0.5,0.7,0.3,0.3,0.7,0.8,0.7,0.5,0.7,0.5,0.8,0.7,0.3,0,0.2,0,0,0,0,0,0,17.4
2025/4/28,14_ota,0,0,0.3,0.2,0.3,0.8,0.2,0.2,0.5,0.8,0.5,1.3,0.7,0.8,0.8,0.8,1.2,1,0,0,0,0,3.4
2025/5/1,14_ota,0,0,0,0.2,0,0.2,0.2,0.3,0,0,0.8,1,0.5,0.5,1.3,0.7,0.8,0.5,0,0.3,0,0,52.7
2025/5/7,14_ota,0,0,0.3,0.3,0.3,0.5,0.2,0.8,0.5,0.5,0.7,0.8,0.2,1.5,1,1,0.7,0.5,0.3,0.3,0.2,0,18.6
2025/5/12,14_ota,0,0,0,0.2,0,0.3,0.7,0.7,1,0.3,0,0.3,0.2,0.2,0.3,1.2,0.5,1.2,0.5,0.3,0,0,31.2
2025/5/19,14_ota,0,0,0,0,0,0.2,0.2,0.2,0.3,0.7,1,0.3,0.2,0.7,0.3,0.5,0.5,0.3,0.5,0.3,0,0,221.4
2025/5/26,14_ota,0,0,0,0,0,0.2,0,0,0,0.2,0.3,0.5,0.5,1.3,1,1.7,0.5,2.2,0.5,0.2,0,0,"1,927.40"
2025/6/3,14_ota,0,0,0.2,0.2,0,0.2,0,0.3,0,0.3,0.2,0,0.2,0.2,0.2,0,0,0,0.2,0,0,0,972
2025/6/9,14_ota,0,0,0,0,0,0.2,0,0.2,0,0.2,0.2,0.2,0.3,0.2,1,0,0,0.5,0,0,0,0,"1,088.00"
2025/6/17,14_ota,0,0,0,0,0,0,0,0,0,0,0,0,0.5,0,0.2,0.2,0,0,0,0,0,0,"4,550.00"
2025/6/26,14_ota,0,0,0,0,0,0.2,0,0,0,0.3,0,0,0.3,0.2,0.2,0.2,0,0,0,0,0,0,
2008/4/15,13_isi,0,0,0,0,0,0,0,0,0,0,0,0,0,0,0,0,0,0,0,0,0,0,88.8
2008/4/22,13_isi,0.7,0.7,0.4,0,0,0,0,0,0,0,0,0,0,0,0,0,0,0,0,0,0,0,147.1
2008/4/28,13_isi,0.4,1.4,2.1,0.7,0.4,0,0,0.4,0,0,0,0,0,0,0,0,0,0,0,0,0,0,70.4
2008/5/2,13_isi,0,2.8,0.4,0.4,0.4,0,0.4,0.4,1.8,0.4,0,0,0,0,0,0,0,0,0,0,0,0,141.5
2008/5/7,13_isi,1.1,0.7,0.7,0,0,0,0,0,0,0,0,0,0,0,0,0,0,0,0,0,0,0,27.6
2008/5/9,13_isi,1.1,1.4,0.7,0.4,0.4,0,0,0,0,0,0.4,0,0,0,0,0,0,0,0,0,0,0,817.4
2008/5/12,13_isi,1.1,2.1,1.4,2.5,0.4,0.4,0,0,0,0,0,0,0,0,0,0,0,0,0,0,0,0,341.3
2008/5/14,13_isi,2.5,1.4,0.7,1.8,1.4,1.1,0,0,0,0,0,0,0,0,0,0,0,0,0,0,0,0,175.4
2008/5/16,13_isi,2.5,4.6,2.5,0.7,1.4,0.4,1.1,0.4,0.4,0.4,0,0,0.4,0,0,0,0,0,0,0,0,0,252.2
2008/5/19,13_isi,0.7,4.2,6,6.7,1.4,0.4,0.7,0,0.4,1.1,1.4,0.4,0,0.4,0,0,0,0,0,0,0,0,402.1
2008/5/22,13_isi,0,3.2,2.1,3.2,1.8,1.4,1.4,1.1,0,0,1.1,0.7,0.7,0.4,0.4,0,0,0,0,0,0,0,791.9
2008/5/27,13_isi,0.4,1.4,0.7,1.1,1.4,1.1,2.8,1.4,1.1,2.1,0.4,0,0,0.4,0,0.4,0,0,0,0,0,0,"1,378.30"
2008/4/22,15_ham,0.7,0,0,0,0,0,0,0,0,0,0,0,0,0,0,0,0,0,0,0,0,0,29
2008/5/1,15_ham,3.5,6.4,5,3.5,3.5,2.1,2.8,2.1,2.8,0,0,0,0,0,0,0,0,0,0,0,0,0,139.4
2008/5/6,15_ham,0,1.4,0.7,0.7,2.1,0,0,0,0,0,0,0,0,0,0,0,0,0,0,0,0,0,39.6
2008/5/8,15_ham,0.7,3.5,1.4,0,0,0.7,0,0,0,0,0,0,0,0.7,0,0,0,0,0,0,0,0,50.2
2008/5/8,ofu,0,2.1,2.1,1.4,0,0,0.7,0,0,0,0,0.7,0.7,0,0,0,0,0,0,0,0,0,236.3
2008/5/12,ofu,0,2.1,0.7,0.7,1.4,0.7,0,0.7,0.7,0,0,0,0,0.7,0,0,0,0,0,0,0,0,653.6
2008/5/14,15_ham,2.8,1.4,2.8,0.7,0,0.7,0.7,0,0,0,0,0.7,0,0,0,0,0.7,0,0,0,0,0,35.4
2008/5/16,15_ham,0.7,1.4,0.7,0,0.7,0.7,0,0,0,0,0,0.7,0,0,0,0,0,0,0,0,0,0,65.1
2008/5/22,15_ham,0,0.7,2.1,3.5,2.1,0.7,0,0,0,1.4,0,0,0,0,0.7,0,0.7,0,0,0,0,0,255.4
2008/5/27,15_ham,0,1.4,1.4,0,1.4,2.8,2.8,1.4,2.1,4.2,0.7,0,0,0,0,0,0.7,0,0,0,0,0,515.7
2009/4/21,13_isi,0.7,0.7,1.8,0.7,0,0,0,0,0,0,0,0,0,0,0,0,0,0,0,0,0,0,"1,257.40"
2009/4/27,13_isi,1.1,6.4,5.3,0.4,0.7,0.4,0.4,0,0.7,0.4,1.1,0.4,0,0.7,0,0,0,0,0,0,0,0,915
2009/4/30,13_isi,1.4,1.8,9.2,3.9,0.7,0.4,0.4,1.8,0.4,1.1,0.4,1.4,0.7,0.7,0.4,0,0,0,0,0,0,0,299.6
2009/5/4,13_isi,1.8,3.9,2.1,1.1,0.7,0.7,0.7,0.4,0.4,0.4,0.4,0.4,1.1,0.7,0,0,0,0,0,0,0,0,88.8
2009/5/7,13_isi,1.1,11,14.9,4.6,3.9,6.7,4.6,2.5,0,0.4,0.4,1.8,0.7,1.4,0.7,0.4,0.4,0,0,0,0,0,466.9
2009/5/11,13_isi,2.8,2.5,2.5,6,3.5,2.5,1.4,2.8,2.5,0.4,1.1,1.4,1.1,1.1,0.7,1.4,0.7,0.4,0,0,0,0,722.6
2009/5/15,13_isi,0.4,1.4,0.4,0,1.1,1.4,1.1,2.1,1.4,0.4,0.7,1.4,1.8,0.4,0.7,1.1,1.1,0,0,0,0,0,"2,192.90"
2009/5/20,13_isi,1.1,1.4,0.7,1.4,1.1,0.4,1.1,1.1,3.2,3.9,4.2,2.8,2.1,2.5,2.5,2.5,0,0,0,0,0,0,539.4
2009/5/26,13_isi,0,0,0.7,0,0.4,0.4,1.4,0.4,0.7,0.4,0.7,0.7,2.5,0.7,1.4,0.7,0.4,0,0,0,0,0,784.1
2009/4/22,15_ham,0.7,1.4,0,0,2.1,0,0,0,0,0,0,0,0,0,0,0,0,0,0,0,0,0,89.8
2009/4/25,15_ham,3.5,10.6,0.7,1.4,0,1.4,0.7,0,2.1,0,0.7,0.7,0,0,0,0,0,0,0,0,0,0,177.6
2009/4/25,15_ham,3.5,1.4,1.4,1.4,0.7,0,0,0.7,0.7,1.4,0,0,0,0.7,0,0,0,0,0,0,0,0,63
2009/4/30,15_ham,0.7,1.4,6.4,5,2.1,0.7,0,0,1.4,3.5,0.7,0.7,0,0,0.7,0,0,0,0,0,0,0,193.1
2009/5/3,ofu,0.7,0.7,0.7,2.1,0.7,0.7,0,0,0,0.7,0,0,0,0,0.7,0,0,0,0,0,0,0,32.5
2009/5/8,ofu,0,0.7,5,4.2,2.8,0.7,2.1,1.4,0.7,1.4,0,0,0,0.7,0,0.7,0,0,0,0,0,0,41.7
2009/5/11,15_ham,2.8,2.8,6.4,9.9,4.2,2.8,4.2,10.6,5,1.4,1.4,2.8,2.1,0.7,1.4,0.7,0.7,0,0,0,0,0,"2,412.80"
2009/5/14,15_ham,2.8,2.1,1.4,1.4,0,0,2.1,0,2.8,1.4,1.4,0.7,0.7,0,1.4,0.7,0,0,0,0,0,0,772.4
2009/5/20,15_ham,0,1.4,4.2,5,1.4,2.1,0,5.7,8.5,7.1,6.4,5.7,2.1,4.2,0.7,0.7,0.7,0,0,0,0,0,"2,205.60"
2009/5/26,15_ham,0,0,0,0,0,0,0,0,1.4,0,3.5,4.2,2.1,1.4,0.7,0.7,0,0,0,0,0,0,"1,047.60"
2010/4/20,13_isi,0,1.1,0,0,0,0,0,0,0,0,0,0,0,0,0,0,0,0,0,0,0,0,288.6
2010/4/26,13_isi,0,1.1,0.7,1.4,0.4,0,0,0,0,0,0,0,0,0,0,0,0,0,0,0,0,0,309.5
2010/5/6,13_isi,0,0.4,0,0.4,0,0,0,0,0,0,0,0.4,0,0,0,0,0,0,0,0,0,0,90.9
2010/5/10,13_isi,0.4,0.4,0,0,1.4,0.7,0.4,0,0,0,0,0.4,0,0,0,0,0,0,0,0,0,0,189.2
2010/5/13,13_isi,0,0.7,0,0.4,0.4,0.4,0.4,0,0.4,0.4,0,0,0,0,0,0,0,0,0,0,0,0,295
2010/5/14,13_isi,1.1,1.1,1.1,0,0.7,1.1,1.1,0.4,0.4,0,0.4,0.4,0,0,0,0,0,0,0,0,0,0,292.1
2010/5/17,13_isi,2.8,5,2.5,0,0.4,0.7,1.1,0.7,1.8,1.4,0,0.7,0.4,0.4,0,0.4,0,0.4,0,0,0,0,466.2
2010/5/20,13_isi,1.1,1.8,1.8,0,1.1,0,0.4,0.7,0.4,0,0.4,0,0.4,0,0.7,0.4,0.4,0,0,0,0,0,311.6
2010/5/25,13_isi,0.7,1.4,0.7,0.4,0.4,1.8,1.4,1.1,1.4,1.4,0,0,0.7,0,0,0,0,0,0,0,0,0,27.2
2010/4/20,15_ham,0,3.5,2.8,0,0,0,0,0,0,0,0,0,0,0,0,0,0,0,0,0,0,0,37.5
2010/4/26,15_ham,0.7,5,5.7,2.1,5.7,2.1,0,0.7,0,0,0,0.7,0,0,0,0,0,0,0,0,0,0,246.9
2010/4/29,15_ham,0.7,5,6.4,0.7,0.7,0.7,0.7,0,0.7,0,0,0,0,0,0,0,0,0,0,0,0,0,67.2
2010/5/6,15_ham,0,1.4,2.1,2.8,0,0,0,0.7,0,0,0,0,0,0,0,0,0,0,0,0,0,0,228.5
2010/5/10,15_ham,0,2.1,2.8,5,0.7,4.2,2.8,0.7,2.1,0.7,1.4,2.1,0,0,0,0,0,0,0,0,0,0,300.6
2010/5/13,15_ham,1.4,4.2,2.1,1.4,2.1,1.4,3.5,2.8,2.8,3.5,1.4,2.1,2.8,1.4,0,0,0,0,0,0,0,0,204.4
2010/5/17,15_ham,0,1.4,3.5,0.7,0,1.4,0,1.4,2.1,0.7,0.7,0,0.7,0,0,0,0,0,0,0,0,0,74.3
2010/5/20,15_ham,2.1,19.8,12.7,5.7,5.7,2.8,3.5,0,0,2.8,6.4,2.1,4.2,1.4,1.4,3.5,0.7,0.7,0,0,0,0,194.5
2010/5/25,15_ham,0,0,0.7,0.7,6.4,3.5,3.5,2.1,0,1.4,0,0.7,0.7,0,0.7,0.7,1.4,0,0,0,0,0,309.8
2011/4/21,13_isi,1.4,5,8.8,1.4,0.4,1.1,0,1.1,0.4,0,0,0,0.4,0,0,0,0,0,0,0,0,0,420.2
2011/4/27,13_isi,2.1,3.5,1.4,3.5,2.1,1.1,0,0,0,0.4,0,0.4,0,0,0,0,0,0,0,0,0,0,173.7
2011/5/6,13_isi,0,2.5,8.1,6,7.8,6,6.7,7.8,5.3,5,3.2,2.1,0.7,0.7,0.4,0.7,0,0,0,0,0,0,"1,363.10"
2011/5/9,13_isi,1.4,4.2,2.8,1.8,2.8,0.7,0.4,2.8,1.8,5.3,3.2,1.4,2.1,2.5,1.8,1.4,0,0,0,0,0,0,127.7
2011/5/17,13_isi,0,1.4,3.5,2.1,0.4,0.4,0.4,0.7,1.1,2.5,5.7,2.5,1.8,3.5,5,1.4,1.4,1.1,0,0,0,0,510
2011/5/24,13_isi,0,0.4,0.4,0.4,1.1,1.4,1.1,1.8,0.7,1.4,0.4,0.4,0.7,1.1,3.9,5.3,1.8,0,0.4,0,0,0,224.9
2011/5/31,13_isi,0,0,0.4,0.7,0.4,0,0,1.1,0.7,0.7,1.1,1.8,2.5,1.8,2.1,2.8,3.2,1.1,0.4,0,0,0,399.3
2011/4/22,15_ham,0.7,10.6,15.6,3.5,2.1,1.4,0,0,0,0,0,0,0,0,1.4,0,0,0,0,0,0,0,691.8
2011/4/27,15_ham,1.4,9.2,9.2,9.2,3.5,2.1,1.4,1.4,0.7,0.7,0.7,0,0.7,0,0,0,0,0,0,0,0,0,234.1
2011/5/2,15_ham,1.4,3.5,7.1,0.7,0.7,2.8,0.7,0,0.7,0,1.4,0,0,0,0,0.7,0,0,0,0,0,0,319
2011/5/6,15_ham,0,1.4,1.4,0,2.8,1.4,0,1.4,2.1,4.2,2.8,0.7,2.1,0,1.4,0,0,0,0,0,0,0,240.5
2011/5/9,15_ham,2.1,5,2.8,1.4,0,0,1.4,3.5,2.8,2.1,1.4,0.7,0.7,1.4,1.4,0.7,0,0,0,0,0,0,229.2
2011/5/13,15_ham,1.4,2.1,3.5,0.7,1.4,1.4,0.7,6.4,1.4,9.9,7.8,7.1,6.4,4.2,5,2.1,1.4,4.2,0.7,0,0,0,236.3
2011/5/23,15_ham,0,0.7,1.4,1.4,0.7,0.7,0,0.7,0.7,0,2.1,0,2.1,1.4,0.7,2.1,1.4,0.7,0,0,0,0,313.4
2011/5/31,15_ham,0,0,0,0.7,0.7,0,0,0.7,0.7,3.5,2.8,1.4,3.5,0.7,2.8,4.2,1.4,2.8,0,0,0,0,892
2012/4/21,13_isi,1.4,5,8.8,1.4,0.4,1.1,0,1.1,0.4,0,0,0,0.4,0,0,0,0,0,0,0,0,0,420.2
2012/4/27,13_isi,2.1,3.5,1.4,3.5,2.1,1.1,0,0,0,0.4,0,0.4,0,0,0,0,0,0,0,0,0,0,173.7
2012/5/6,13_isi,0,2.5,8.1,6,7.8,6,6.7,7.8,5.3,5,3.2,2.1,0.7,0.7,0.4,0.7,0,0,0,0,0,0,"1,363.10"
2012/5/9,13_isi,1.4,4.2,2.8,1.8,2.8,0.7,0.4,2.8,1.8,5.3,3.2,1.4,2.1,2.5,1.8,1.4,0,0,0,0,0,0,127.7
2012/5/17,13_isi,0,1.4,3.5,2.1,0.4,0.4,0.4,0.7,1.1,2.5,5.7,2.5,1.8,3.5,5,1.4,1.4,1.1,0,0,0,0,510
2012/5/24,13_isi,0,0.4,0.4,0.4,1.1,1.4,1.1,1.8,0.7,1.4,0.4,0.4,0.7,1.1,3.9,5.3,1.8,0,0.4,0,0,0,224.9
2012/5/31,13_isi,0,0,0.4,0.7,0.4,0,0,1.1,0.7,0.7,1.1,1.8,2.5,1.8,2.1,2.8,3.2,1.1,0.4,0,0,0,399.3
2012/4/22,15_ham,0.7,10.6,15.6,3.5,2.1,1.4,0,0,0,0,0,0,0,0,1.4,0,0,0,0,0,0,0,691.8
2012/4/27,15_ham,1.4,9.2,9.2,9.2,3.5,2.1,1.4,1.4,0.7,0.7,0.7,0,0.7,0,0,0,0,0,0,0,0,0,234.1
2012/5/2,15_ham,1.4,3.5,7.1,0.7,0.7,2.8,0.7,0,0.7,0,1.4,0,0,0,0,0.7,0,0,0,0,0,0,319
2012/5/6,15_ham,0,1.4,1.4,0,2.8,1.4,0,1.4,2.1,4.2,2.8,0.7,2.1,0,1.4,0,0,0,0,0,0,0,240.5
2012/5/9,15_ham,2.1,5,2.8,1.4,0,0,1.4,3.5,2.8,2.1,1.4,0.7,0.7,1.4,1.4,0.7,0,0,0,0,0,0,229.2
2012/5/13,15_ham,1.4,2.1,3.5,0.7,1.4,1.4,0.7,6.4,1.4,9.9,7.8,7.1,6.4,4.2,5,2.1,1.4,4.2,0.7,0,0,0,236.3
2012/5/23,15_ham,0,0.7,1.4,1.4,0.7,0.7,0,0.7,0.7,0,2.1,0,2.1,1.4,0.7,2.1,1.4,0.7,0,0,0,0,313.4
2012/5/31,15_ham,0,0,0,0.7,0.7,0,0,0.7,0.7,3.5,2.8,1.4,3.5,0.7,2.8,4.2,1.4,2.8,0,0,0,0,892
2013/4/17,13_isi,0,0,0,0,0,0,0,0,0,0,0,0,0,0,0,0,0,0,0,0,0,0,0
2013/4/22,13_isi,0,0,0,0,0,0,0,0,0,0,0,0,0,0,0,0,0,0,0,0,0,0,21.7
2013/4/30,13_isi,0,0.4,0,0,0,0.4,0,1.1,0.7,0,0,0,0,0,0,0,0,0,0,0,0,0,42
2013/5/7,13_isi,10.5,2.1,1.1,1.4,0.7,1.1,1.1,1.1,1.4,0.7,0,0.4,0,0.7,0,0,0,0,0,0,0,0,498.1
2013/5/9,13_isi,5.3,7.7,6,6.3,2.8,5.6,4.6,3.5,1.4,2.1,0.7,0.7,1.8,1.9,1.4,0.7,0,0,0,0,0,0,448
2013/5/13,13_isi,0,2.1,3.9,1.4,1.1,1.4,1.8,1.8,2.8,0.7,0.7,1.1,0.7,1.8,1.4,2.5,1.8,0,0,0,0,0,32.9
2013/5/20,13_isi,7,2.8,2.1,3.2,2.1,1.1,1.1,2.8,0.7,2.5,1.1,1.8,3.2,1.4,2.1,1.8,1.1,1.8,0,0,0,0,514.5
2013/5/26,13_isi,0,2.5,6,1.4,0,2.5,1.4,1.8,1.1,2.1,1.4,0.7,1.4,2.8,1.8,0.4,0.4,0.7,0,0,0,0,193.9
2013/5/29,13_isi,0,0,0,0,0,0,0.7,0,0,0,0,0,0,0.7,0,0.7,1.4,0.7,0,0,0,0,152.6
2013/4/17,15_ham,0,0,0,0,0,0,0,0,0,0,0,0,0,0,0,0,0,0,0,0,0,0,0
2013/4/23,15_ham,0,0,0,0,0,0,0,0,0,0,0,0,0,0,0,0,0,0,0,0,0,0,20.3
2013/4/30,15_ham,0,0,0,0.7,0,2.1,0,0.7,1.4,0,0,0,0,0,0,0,0,0,0,0,0,0,51.1
2013/5/7,15_ham,0.7,2.8,5.6,6.3,3.5,14.7,2.8,6.3,4.9,7.7,3.5,4.9,1.4,6.3,2.8,0.7,0,0,0,0,0,0,142.1
2013/5/9,ofu,3.5,2.1,5.6,3.5,2.8,9.8,7,5.6,0.7,4.2,3.5,0.7,2.1,2.1,0,0,0,0,0,0,0,0,"1,098.00"
2013/5/9,15_ham,4.2,6.3,7,2.8,1.4,4.2,3.5,2.1,1.4,4.9,2.1,1.4,1.4,0.7,0,0,0,0,0,0,0,0,348
2013/5/13,15_ham,0,0.7,4.2,7.7,0.7,3.5,1.4,1.4,0.7,0.7,0.7,1.4,0.7,0.7,1.4,0.7,0.7,0,0,0,0,0,21.7
2013/5/20,15_ham,1.4,0,1.4,4.2,4.2,2.1,0.7,4.9,4.2,3.5,2.8,2.1,2.1,2.8,3.5,2.8,1.4,0.7,0,0,0,0,270.4
2013/5/28,15_ham,0,0,0.7,0,0,0,0,0.7,1.4,0.7,0,0,0.7,0.7,0,0,0,0,0,0,0,0,126
2013/5/30,15_ham,0,0,0,0,0,0,0,0.7,0,0,0,0,0,2.1,0,1.4,1.4,0.7,0,0,0,0,509.6
2014/4/15,13_isi,0,0,0,0,0,0,0,0,0,0,0,0,0,0,0,0,0,0,0,0,0,0,0
2014/4/22,13_isi,0,0,0,0,0,0,0,0,0,0,0,0,0,0,0,0,0,0,0,0,0,0,1.4
2014/4/28,13_isi,0,0,0,0,0,0,0,0,0,0,0,0,0,0,0,0,0,0,0,0,0,0,0.7
2014/5/8,13_isi,32.5,36.1,2.1,0.7,0.4,1.1,0.4,0.7,0.7,0,0,0,0,0,0,0,0,0,0,0,0,0,37.5
2014/5/12,13_isi,0.4,1.8,6,6.7,0,0,0.4,0.7,1.4,0.7,0,0,0,0,0,0,0,0,0,0,0,0,27.9
2014/5/14,13_isi,0.7,1.1,2.5,8.1,4.6,0.4,0,0,0,0.7,0.7,0.4,0,0.4,0,0,0,0,0,0,0,0,23.7
2014/5/19,13_isi,0.7,3.2,3.2,0,0.7,0.4,0.4,3.2,0,0,0.4,0.4,0,0.7,0.4,0,0,0,0,0,0,0,25.8
2014/5/22,13_isi,0,0.7,2.5,3.2,0.7,1.8,3.2,3.2,5,1.1,0.4,0.4,0.7,0,0,0.7,0,0,0,0,0,0,218.6
2014/5/27,13_isi,11.3,18.4,1.4,1.4,4.2,17,25.5,7.1,14.1,8.5,7.1,22.6,11.3,2.8,2.8,1.4,0,0,0,0,0,0,"1,922.60"
2014/6/3,13_isi,0,0,0,0,0.7,1.8,0.7,0.7,1.1,1.4,2.5,5,3.9,8.1,4.2,6,2.5,0,0,0,0,0,407.4
2014/4/15,15_ham,0,0,0,0,0,0,0,0,0,0,0,0,0,0,0,0,0,0,0,0,0,0,4.2
2014/4/22,15_ham,0,0,0,0,0,0,0,0,0,0,0,0,0,0,0,0,0,0,0,0,0,0,2.1
2014/4/29,15_ham,0,0,0,0,0,0,0,0,0,0,0,0,0,0,0,0,0,0,0,0,0,0,0.7
2014/5/7,15_ham,31.1,36.1,1.4,1.4,0.7,1.4,1.4,0.7,0,0,0,0,0,0,0,0,0,0,0,0,0,0,46.7
2014/5/12,15_ham,0.7,1.4,3.5,6.4,2.1,0,0,0.7,1.4,2.1,0,0,0,0,0,0,0,0,0,0,0,0,243.3
2014/5/15,15_ham,5,1.4,1.4,3.5,7.1,1.4,0.7,0,1.4,0.7,0.7,0,0,0,0,0,0,0,0,0,0,0,256.1
2014/5/19,15_ham,7.1,14.9,19.1,24.8,43.9,68.6,41,31.8,7.8,5,2.1,3.5,5.7,2.8,0,1.4,0,0,0,0,0,0,"1,182.70"
2014/5/22,15_ham,0,0,2.8,2.8,0.7,1.4,9.9,11.3,2.8,0.7,0,0,0,1.4,1.4,0,0,0,0,0,0,0,754.8
2014/5/25,15_ham,0.7,0,0,0,0.7,2.8,2.8,4.2,2.1,2.8,3.5,2.8,0.7,2.8,0,0,0,0,0,0,0,0,93.4
2014/5/29,15_ham,0,5.7,7.8,3.5,0,2.1,0,4.2,9.2,3.5,6.4,4.2,4.2,5,2.8,2.1,0.7,0,0,0,0,0,192.4
2015/4/13,13_isi,0,0,0,1.1,0,0.4,0.4,0,0,0,0,0,0,0,0,0,0,0,0,0,0,0,6.4
2015/4/20,13_isi,0.4,2.5,1.8,1.1,1.8,1.1,2.1,1.1,0.7,0.7,0.4,0,0,0,0,0,0,0,0,0,0,0,304.5
2015/4/23,13_isi,0.7,3.2,2.8,1.8,1.1,0.7,0.4,1.8,1.4,3.9,1.8,1.1,0.4,0.7,0.4,0,0,0,0,0,0,0,146.8
2015/4/28,13_isi,0.4,0.7,2.5,5,4.6,0.4,1.8,1.8,1.1,3.9,1.8,2.8,0.7,0.7,1.1,0.4,0,0,0,0,0,0,305.6
2015/5/1,13_isi,0.4,1.8,1.1,1.1,1.4,0.4,0.7,0.4,0.4,0.4,1.4,0.4,0,1.4,0.4,0.7,0.4,0,0,0,0,0,20.9
2015/5/7,13_isi,0,3.2,2.1,2.8,1.1,0,0.4,0.4,0.7,0.7,0.4,1.4,0.4,0,0.7,0.7,0.4,0,0,0,0,0,23.7
2015/5/11,13_isi,0,0,1.1,1.4,0.4,0.7,0,0,0.7,0.4,1.8,0,1.1,0.7,0.7,1.1,0.7,0.4,0,0,0,0,162.7
2015/5/15,13_isi,0,0.4,0.7,0.7,0.7,3.5,3.9,3.5,1.1,1.8,0.7,0.7,0,0,0,0.4,0,0,0,0,0,0,297.4
2015/5/19,13_isi,0,0,0,0,0,0,0,0.4,1.1,1.1,1.1,1.1,0,0.7,1.1,1.8,1.1,0,0,0,0,0,45.3
2015/5/25,13_isi,0,0,0,0,0,0,0,0,0,0,0.4,0,0,0,0,0.4,0,0.4,0,0,0,0,11.7
2015/6/1,13_isi,0,0,0,0,0,0,0,0,0,0,0,0,0,0.4,0.4,0.7,1.4,0.4,0,0,0,0,160.6
2015/4/13,15_ham,0,0,0.7,2.1,0,0,0,0,0,0,0,0,0.7,0,0,0,0,0,0,0,0,0,19.1
2015/4/20,15_ham,0,5.7,5,1.4,4.2,5.7,6.4,5,2.8,2.8,0.7,0,0.7,0,0.7,0,0,0,0,0,0,0,477.5
2015/4/24,15_ham,0.7,5.7,4.2,5,2.1,1.4,2.1,0,0.7,0.7,0.7,0.7,0.7,0,0,0,0,0,0,0,0,0,21.2
2015/4/28,15_ham,0,0,0,0,0,1.4,0,0.7,0.7,0,0,1.4,0,0,0,0,0,0,0,0,0,0,48.8
2015/4/28,ofu,0.7,2.1,2.1,3.5,2.1,1.4,1.4,2.1,0.7,2.1,0.7,0,0,0.7,0,0,0,0,0,0,0,0,330.3
2015/5/1,15_ham,0,3.5,2.8,2.1,1.4,1.4,2.1,1.4,0.7,1.4,0.7,2.1,0.7,0.7,0,0.7,0,0,0,0,0,0,256.1
2015/5/7,15_ham,0,3.5,4.2,2.8,2.8,0.7,4.2,2.1,2.1,6.4,0.7,3.5,0.7,0,0,1.4,2.1,1.4,0,0,0,0,"1,464.30"
2015/5/11,15_ham,0,0,3.5,4.2,0.7,0,0,0.7,0,0.7,0.7,1.4,0.7,0.7,0.7,1.4,0,0,0,0,0,0,425.1
2015/5/15,15_ham,0,0,0,2.8,2.1,5.7,3.5,3.5,2.8,0,0.7,1.4,0,0.7,0.7,2.1,0,0,0,0,0,0,"1,219.50"
2015/5/18,15_ham,0,0,0,0,0.7,1.4,0,2.1,0,0,1.4,0,0,1.4,0.7,0.7,0.7,0.7,0,0,0,0,64.4
2015/5/25,15_ham,0,0,0,1.4,0.7,0,0.7,0.7,0,0,0,1.4,0,0.7,0,2.1,0.7,1.4,0,0,0,0,102.6
2015/6/1,15_ham,0,0,0,0,0,0,0,0,0,0,0,0,0,0,0,0,1.4,0.7,0.7,0,0,0,55.2
2016/4/11,13_isi,0,0,0,0,0,0,0,0,0,0,0,0,0,0,0,0,0,0,0,0,0,0,150.3
2016/4/19,13_isi,0,0,0,1.4,0.7,2.1,1.4,1.4,0,0,0,0,0,0,0,0,0,0,0,0,0,0,135.1
2016/4/25,13_isi,1.8,5,4.2,5,10.6,4.2,1.8,1.1,0.7,0,0,0,0,0,0,0,0,0,0,0,0,0,274.8
2016/5/1,13_isi,0,0,1.1,0.4,1.1,1.4,0,0.4,0.7,1.1,0.4,0.4,0,0,0.4,0,0.4,0,0,0,0,0,214.7
2016/5/5,13_isi,0.4,0,0,0,0,0.4,1.1,2.1,1.1,1.8,1.8,1.4,2.1,1.4,1.4,1.1,0.7,0,0,0,0,0,21.6
2016/5/9,13_isi,3.5,2.1,1.4,1.4,0,0,0.4,1.8,5,0.4,3.2,1.8,2.8,9.2,7.4,3.2,1.8,1.8,2.8,0.4,2.8,0,"2,891.40"
2016/5/17,13_isi,0.7,3.2,1.4,3.2,2.8,2.1,0.4,0,0,0,0.4,0,0.4,0,0,0,0.4,0,0,0,0,0,549.6
2016/5/26,13_isi,0,0,0,0.4,0.7,0.4,0.7,1.1,1.1,0,0.7,0.4,0,0,0,0,0,0,0,0,0,0,124.5
2016/4/5,15_ham,0,0,0,0,0,0,0,0,0,0,0,0,0,0,0,0,0,0,0,0,0,0,10.6
2016/4/11,15_ham,0,0,0,0,0,0,0,0,0,0,0,0,0,0,0,0,0,0,0,0,0,0,20.5
2016/4/19,15_ham,1.4,3.5,5.7,2.8,0,0,0,0,0,0,0,0,0,0,0,0,0,0,0,0,0,0,233.4
2016/4/25,15_ham,1.4,12,19.1,11.3,17.7,13.4,1.4,1.4,0,1.4,0,0,0,0.7,0,0,0,0,0,0,0,0,112.5
2016/5/2,15_ham,0,0,0,0,0.7,0.7,0.7,2.1,0,2.8,2.1,2.1,0.7,0,0,1.4,0.7,0,0,0,0,0,806.4
2016/5/6,15_ham,0,1.4,1.4,1.4,1.4,2.1,0.7,2.1,3.5,9.9,9.2,7.8,12.7,8.5,5.7,2.8,0,2.1,0,0,0,0,375.6
2016/5/9,15_ham,5.7,5.7,11.3,5.7,5.7,0,0,11.3,11.3,11.3,17,34,5.7,5.7,11.3,5.7,0,5.7,0,0,0,0,"12,319.60"
2016/5/13,15_ham,0,0,0.7,0,0,0,0,0,0.7,0,0.7,1.4,0,0,0,1.4,0,0,0,0,0,0,77.8
2016/5/17,15_ham,1.4,5.7,0.7,0.7,1.4,0,0.7,0,0,0,0.7,0,0,0,0,0.7,0,0,0,0,0,0,82.8
2016/5/24,15_ham,0,0,0,0,0.7,1.4,0,0,0.7,0,0,0,0,0,0,0,0,0,0,0,0,0,48.8
2017/4/11,13_isi,0.7,2.1,1.8,0.4,0.4,0,0,0,0,0,0,0,0,0,0,0,0,0,0,0,0,0,71.4
2017/4/16,13_isi,4.2,0.7,1.1,1.4,1.4,1.4,0.4,0.4,0,0,0,0,0,0,0,0,0,0,0,0,0,0,97.3
2017/4/24,13_isi,0.7,1.1,1.8,1.4,0,0.7,0,0.4,0,0,0,0,0,0,0,0,0,0,0,0,0,0,74.3
2017/4/30,13_isi,1.8,3.5,4.2,2.5,1.8,1.1,0,0,0,0,0.7,0.4,0,0.4,0,0,0,0,0,0,0,0,98.3
2017/5/9,13_isi,0,1.4,1.4,1.4,1.4,2.1,1.1,2.1,0.7,0.7,1.1,0.7,0.4,0.7,0.7,0.7,0,0,0,0,0,0,415.9
2017/5/11,13_isi,0.7,5.3,3.5,0.7,1.8,1.8,2.5,0.7,0.4,2.8,1.8,1.1,2.1,0.4,0.7,0,0.7,0.4,0,0,0,0,143.6
2017/5/16,13_isi,0,0.7,0.7,0,0,0,0,0,0.7,0.7,0,1.4,1.8,1.1,2.1,1.4,1.8,2.1,0,0,0,0,12
2017/5/22,13_isi,0.4,0.4,1.1,0.7,0.7,0,0.7,1.4,0.4,2.1,0.4,1.4,0.7,1.4,1.1,3.2,2.5,2.8,0,0,0,0,478.2
2017/5/29,13_isi,0,0.7,1.8,0,0,1.1,1.1,1.4,0.7,0.4,0.4,0,0.7,0.4,0.4,1.4,0.4,0.7,0,0,0,0,539
2017/4/11,15_ham,1.4,9.9,4.2,0.7,0,0,0,0,0,0,0,0,0,0,0,0,0,0,0,0,0,0,51.6
2017/4/17,15_ham,0.7,0,1.4,0.7,0,0.7,0,0,0,0,0,0,0,0,0,0,0,0,0,0,0,0,66.5
2017/4/24,15_ham,0.7,1.4,1.4,0,0,0,0,0,0,0,0,0,0,0,0,0,0,0,0,0,0,0,74.3
2017/5/1,15_ham,1.4,3.5,6.4,9.2,4.2,5.7,4.2,1.4,0,0,0,0.7,0,0,0,0,0,0,0,0,0,0,701.7
2017/5/8,15_ham,2.1,2.8,0.7,3.5,2.1,2.1,4.2,2.8,0,0,1.4,2.1,0,2.1,2.1,0.7,1.4,0,0,0,0,0,550.3
2017/5/12,15_ham,0,0.7,5,1.4,2.1,2.1,0.7,0.7,2.1,1.4,0,0,0,0.7,0.7,0.7,0,1.4,0,0,0,0,762.5
2017/5/15,15_ham,0.7,0,0,2.1,0.7,0,0,2.1,0.7,0.7,0,1.4,0.7,0,0,0.7,1.4,0.7,0,0,0,0,127.3
2017/5/22,15_ham,0.7,0,2.1,1.4,0.7,0,0.7,0.7,0,0,0,0,0.7,0.7,0,1.4,0.7,1.4,0,0,0,0,655
2017/5/29,15_ham,0,0,0.7,0,0,0,0,1.4,0.7,1.4,0,0.7,0,0,0,0,2.1,0.7,0,0,0,0,539.7
2018/4/9,13_isi,0,0,0,0,0,0,0,0,0,0,0,0,0,0,0,0,0,0,0,0,0,0,28.3
2018/4/16,13_isi,0,0.4,0.4,1.8,0,0,0,0,0,0,0,0,0,0,0,0,0,0,0,0,0,0,28.3
2018/4/24,13_isi,0,0,0,0,0.4,0,0,0.4,0,0,0,0,0,0,0,0,0,0,0,0,0,0,12.7
2018/4/27,13_isi,0,1.1,1.1,1.1,0,0.4,0.4,0.4,0.4,0,0,0,0,0,0,0,0,0,0,0,0,0,38.2
2018/5/1,13_isi,0,2.5,1.8,3.5,1.4,2.5,1.4,0.7,1.1,1.1,0.4,0.7,0.4,0,0,0,0,0,0,0,0,0,344.1
2018/5/7,13_isi,0,1.4,0.4,0,0,0,0,0,0,0,0,0,0.4,0.7,0,0,0.4,0,0,0,0,0,44.6
2018/5/10,13_isi,0,0.4,0.7,0.7,0.4,0,0,0,0.4,0.7,0.4,0,1.4,1.4,0.4,0.4,0.7,0.7,0,0,0,0,133.3
2018/5/14,13_isi,0.4,1.1,2.1,6.4,4.2,3.9,3.2,1.4,2.1,0.7,0.7,1.1,0.4,2.5,0.4,0.4,1.1,0.7,2.5,0.7,0,0,664.2
2018/5/21,13_isi,0,1.1,0,1.1,0.4,0.4,0.7,1.4,0.4,1.1,0.4,1.8,0.4,0,0.4,0,1.1,0.4,1.4,0.4,0,0,588.9
2018/5/28,13_isi,1.8,1.8,0.4,0,0.4,0,1.1,0,0.4,0.4,0,0,1.1,0.7,0.7,0,3.2,3.2,0,0.4,0,0,679.8
2018/4/11,15_ham,0,0,0,0,0,0,0,0,0,0,0,0,0,0,0,0,0,0,0,0,0,0,0
2018/4/17,15_ham,0,0,0,0,0,0,0,0,0,0,0,0,0,0,0,0,0,0,0,0,0,0,11.3
2018/4/23,15_ham,0,1.4,0,0.7,2.8,0,0.7,1.4,0.7,0,0,0,0,0,0,0,0,0,0,0,0,0,68.6
2018/4/27,15_ham,0,0.7,0,0,0,0,0.7,0,0,0,0,0,0,0,0,0,0,0,0,0,0,0,7.1
2018/5/1,15_ham,0,5,2.8,2.8,0,0.7,0.7,3.5,4.2,2.1,5.7,2.1,3.5,2.8,0,0,0,0,0,0,0,0,"1,130.40"
2018/5/7,15_ham,0,0.7,0.7,0,0,0.7,0.7,0,3.5,0.7,0,1.4,0.7,2.8,2.1,0,0.7,0.7,0,0,0,0,111.8
2018/5/10,15_ham,0,2.8,0,0,0,0.7,0,0.7,2.1,2.1,1.4,0,1.4,2.1,0.7,0.7,0,2.1,0,0,0,0,227.8
2018/5/14,15_ham,0,0,0.7,0.7,0.7,0,0,2.1,0.7,0,0,0.7,0,0,0,1.4,0.7,0,0,0,0,0,56.6
2018/5/21,15_ham,0,0,0,0,0,0,0,0,0.7,0,0.7,1.4,0.7,0,0.7,0,0.7,1.4,0,0,0,0,63.7
2019/4/8,13_isi,0,0,0,0,0,0,0,0,0,0,0,0,0,0,0,0,0,0,0,0,0,0,1.1
2019/4/15,13_isi,0,0,0,0,0,0,0,0,0,0,0,0,0,0,0,0,0,0,0,0,0,0,？
2019/4/23,13_isi,1.1,0.7,1.1,1.8,0.7,0.7,0.4,0,0.4,0,0,0,0,0,0,0,0,0,0,0,0,0,50.6
2019/4/26,13_isi,0.4,2.5,3.9,4.6,3.2,3.2,2.1,2.5,2.5,0,1.1,0,0,0,0,0,0,0,0,0,0,0,78.5
2019/4/30,13_isi,0.7,1.4,2.1,1.4,1.4,2.1,3.2,2.5,1.4,2.8,1.8,1.1,0.4,1.8,0.4,0.4,0,0.4,0,0.4,0,0,174.7
2019/5/9,13_isi,0,0.4,1.1,1.1,0.4,1.1,0.4,1.1,0,1.1,0,0.7,0.7,1.1,0,0.4,0,0,0,0,0,0,32.5
2019/5/14,13_isi,0,0.4,1.1,1.4,0,1.1,0.7,1.1,1.1,1.1,0.7,0.4,0.7,1.4,0.4,0.4,1.1,0,0,0,0,0,218.9
2019/5/28,13_isi,0,0,0,0,0,0,0,0.7,0,0.7,0.7,1.8,1.4,1.8,1.1,1.1,1.1,0.7,0,0,0,0,"1,213.10"
2019/4/8,15_ham,0,0,0,0,0,0,0,0,0,0,0,0,0,0,0,0,0,0,0,0,0,0,0.4
2019/4/14,15_ham,0,0,0,0,0,0,0,0,0,0,0,0,0,0,0,0,0,0,0,0,0,0,？
2019/4/22,15_ham,0,2.1,2.1,2.1,0,0.7,0,0,0,0,0,0,0,0,0,0,0,0,0,0,0,0,92.7
2019/4/25,15_ham,0.7,5,2.1,7.1,7.1,5.7,6.4,4.2,0.7,0,0,0,0,0,0,0,0,0,0,0,0,0,51.6
2019/4/29,15_ham,0,2.8,0.7,0,1.4,2.1,2.1,5.7,5.7,4.2,3.5,0,0,0.7,0.7,0.7,0,0,0,0,0,0,72.9
2019/5/7,15_ham,0,0,2.1,0.7,0,0.7,0.7,0,0,0,0,2.1,0,2.1,0.7,0,0,0,0,0,0,0,18.4
2019/5/13,15_ham,0.7,2.8,2.1,0,0.7,3.5,0,2.1,0,0.7,2.1,1.4,2.1,2.8,2.1,0.7,0,0,0,0,0,0,493
2019/5/21,15_ham,0,0,0,0,0.7,0,0,0,1.4,0,0,0,0.7,4.2,1.4,3.5,4.2,3.5,2.1,1.4,0,0,50.2
2019/5/29,15_ham,0,0,0,0.7,0,0,0.7,1.4,0,0,0,0,0.7,0,1.4,0,2.1,0.7,0,0,0,0,108.9
2020/4/15,13_isi,0,1.1,2.8,2.5,3.9,6.4,3.9,0.7,1.4,0.4,1.1,1.4,0,0.4,0,0,0,0,0,0,0,0,151.4
2020/4/20,13_isi,0,0.4,1.8,0,0.7,0.4,0.7,1.1,0.4,0.4,0.4,0,0,0,0,0,0,0,0,0,0,0,32.5
2020/4/24,13_isi,0.4,0.7,2.1,3.2,3.5,2.5,1.4,1.4,2.8,1.1,0,1.1,0,0,0,0,0,0,0,0,0,0,47.7
2020/4/27,13_isi,0,0,0,0.7,0.4,0.4,0.4,1.4,0.4,0,0.4,0.4,0,0,0,0,0,0,0,0,0,0,70.4
2020/4/30,13_isi,0,0.4,0,1.4,0.4,1.4,1.4,3.2,1.4,1.4,2.1,1.8,0.4,0.4,0.4,0,0,0,0,0,0,0,142.5
2020/5/7,13_isi,0,0,0,0.4,0,0.4,0.4,0.4,1.1,2.5,1.1,0.4,0.7,0.4,1.1,0.4,0,0,0,0,0,0,229.2
2020/5/12,13_isi,1.8,6.4,4.2,1.1,1.4,1.1,3.5,1.4,2.5,1.1,2.8,1.1,2.1,1.8,4.2,2.8,0.7,0,0,0,0,0,512.8
2020/5/19,13_isi,0,0.4,0.4,0.4,1.8,5,3.5,2.8,2.1,1.8,1.1,2.1,1.1,1.4,2.8,1.1,1.1,0,0,0,0,0,"1,288.50"
2020/4/15,15_ham,0,2.8,2.8,4.2,2.1,5,2.1,0,0,0.7,0,0,0.7,0.7,0,0,0,0,0,0,0,0,535.5
2020/4/20,15_ham,0,0,0.7,0,1.4,0,1.4,1.4,0.7,0,0,0,0,0,0,0,0,0,0,0,0,0,46
2020/4/24,15_ham,0,0.7,5.7,2.8,5,2.1,2.8,5,2.1,2.1,3.5,0.7,0,0,0,0,0,0,0,0,0,0,77.8
2020/4/28,15_ham,0,0,0,0,0.7,1.4,2.1,0,0.7,0,0,0,0.7,0,0,0,0,0,0,0,0,0,48.8
2020/5/1,15_ham,0,0,0,1.4,3.5,2.1,2.8,1.4,3.5,2.8,2.1,0,1.4,0,0,0.7,0,0,0,0,0,0,166.9
2020/5/8,15_ham,0,1.4,0,1.4,0.7,0.7,0.7,1.4,1.4,0,0.7,1.4,0,0,0,1.4,0,0,0,0,0,0,345.2
2020/5/12,15_ham,1.4,1.4,5,5,2.8,3.5,1.4,3.5,1.4,3.5,6.4,2.8,3.5,5,7.1,9.2,3.5,0,0,0,0,0,831.9
2020/5/19,15_ham,0.7,0,0,0,2.1,10.6,9.2,8.5,4.2,2.1,2.8,2.1,1.4,2.1,2.1,1.4,0,0,0,0,0,0,850.3
2021/4/9,13_isi,0,0.4,0,0,0,0,0,0,0,0,0,0,0,0,0,0,0,0,0,0,0,0,2.5
2021/4/16,13_isi,0,0,0,0,0,0,0,0,0,0,0,0,0,0,0,0,0,0,0,0,0,0,0.7
2021/4/20,13_isi,0,0,0.4,0,0,0.4,0,0,0,0,0,0,0,0,0,0,0,0,0,0,0,0,18.7
2021/4/23,13_isi,0.7,0,0,0,0.4,0,0,0,0,0,0,0,0,0,0,0,0,0,0,0,0,0,5.7
2021/4/27,13_isi,2.5,2.1,1.1,0,0,0,0.4,0,0,0.4,0,0,0,0,0,0,0,0,0,0,0,0,70.7
2021/4/29,13_isi,0,0,0.7,0,0,0,0,0,0,0,0,0,0,0,0,0,0,0,0,0,0,0,2.1
2021/5/5,13_isi,1.1,2.5,5.3,9.5,8.1,5.7,4.2,0.7,0.4,0,0,0,0,0,0,0,0,0,0,0,0,0,171.5
2021/5/9,13_isi,0.4,0.4,0,0.4,1.4,2.1,1.1,0.7,0.7,1.1,0.4,0,0.4,0.4,0,0,0,0,0,0,0,0,9.5
2021/5/12,13_isi,0,1.4,1.1,0.7,1.8,0.4,0.4,1.4,1.1,0.4,1.1,0.4,0.4,0,0,0,0,0,0,0,0,0,122
2021/5/17,13_isi,0,0.4,1.8,2.1,0.4,0,0,1.1,0.7,2.5,0.7,0.4,0.4,0.7,1.1,0,0.7,0.4,0,0,0,0,61.2
2021/5/20,13_isi,0,1.8,2.5,2.5,2.1,2.5,2.1,3.9,0.4,1.8,1.1,1.8,2.1,0.7,0.4,0.7,0,0.4,0.4,0,0,0,202.7
2021/5/24,13_isi,0,0.4,0.4,0.7,0.4,0.7,0.4,0.7,1.1,0,0,0,0.7,0,0.7,0.4,0.4,0.4,0,0,0,0,164.1
2021/4/9,15_ham,0,0,0,0.7,0,0,0,0,0,0,0,0,0,0,0,0,0,0,0,0,0,0,11.3
2021/4/22,15_ham,2.8,5,5,2.1,1.4,0,1.4,0.7,0,0,0,0,0,0,0,0,0,0,0,0,0,0,348.7
2021/4/27,15_ham,2.1,0,0,0.7,0,0.7,0,0,0,0,0,0,0,0,0,0,0,0,0,0,0,0,383.4
2021/4/30,15_ham,0.7,0,2.8,0.7,0.7,0,0,0,0,0,0,0,0,0,0,0,0,0,0,0,0,0,199.5
2021/5/6,15_ham,3.5,1.4,2.1,3.5,3.5,0.7,0,0.7,0,0,0,0,0,0,0,0,0,0,0,0,0,0,34
2021/5/10,15_ham,0.7,1.4,0.7,0.7,0,1.4,2.1,0.7,0.7,2.1,2.1,1.4,0.7,0,0,0,0,0,0.7,0,0,0,52.3
2021/5/12,15_ham,0,0,0.7,0.7,0,0.7,1.4,0.7,0.7,2.8,2.1,0.7,0.7,0,0,0,0,0,0,0,0,0,90.5
2021/5/17,15_ham,0.7,4.2,6.4,5.7,4.2,5,2.8,3.5,4.2,5.7,4.2,3.5,1.4,1.4,0,0,0.7,0,0,0,0.7,0,407.4
2021/5/20,15_ham,0,1.4,1.4,0.7,0.7,0,0,0,0.7,0.7,0.7,0.7,0,0,0,0,0,0,0,0,0,0,302.8
2021/5/24,15_ham,0,0,0,0,0,0,0.7,0,0,0.7,0,0,0.7,2.1,2.1,0,0.7,0,0,0,0,0,548.2
2022/4/14,13_isi,0,0.7,1.8,0.7,0.7,0.4,0,0.4,0,0,0,0,0,0,0,0,0,0,0,0,0,0,25.1
2022/4/19,13_isi,2.5,7.4,8.8,5,5,1.8,1.8,0.4,0.4,0,0,0,0.4,0,0,0,0,0,0,0,0,0,103.6
2022/4/22,13_isi,7.5,14.1,20.2,12,10.3,4.2,3.5,1.8,2.1,0,1.1,0,0.4,0.4,0,0.4,0,0,0,0,0,0,426.5
2022/4/25,13_isi,1.5,5,13.1,21.6,20.5,16.3,5,3.2,2.8,1.1,0.7,0.7,0.7,0.4,0,0,0.7,0,0,0,0,0,277.6
2022/5/1,13_isi,1.1,3.9,1.8,2.5,3.9,6.7,8.1,4.2,3.2,2.1,2.5,5.3,1.4,1.8,1.8,2.1,0.7,0.4,0.4,0,0,0,49.5
2022/5/6,13_isi,0,1.1,2.8,3.2,1.4,0.4,1.8,6,5.3,5.7,5.7,3.9,3.5,0.4,1.1,1.1,0,0,0,0,0,0,36.8
2022/5/10,13_isi,0,0.4,1.1,0,0.7,0.7,0.4,0.7,0.4,0,0.7,3.2,1.4,3.5,2.1,1.4,1.1,0,0,0,0,0,17.7
2022/5/15,13_isi,0,0,0.4,0.4,0.4,1.1,1.1,1.4,0.7,1.1,1.1,1.4,0.7,2.1,3.2,3.5,2.1,2.8,0,0,0,0,12.4
2022/4/14,15_ham,0,0,0,0.7,1.4,0,0,0,0,0,0,0,0,0,0,0,0,0,0,0,0,0,13.4
2022/4/18,15_ham,0,0.7,8.5,9.2,12,4.2,2.1,0.7,0.7,0,0,0,0,0,0,0,0,0,0,0,0,0,226.4
2022/4/21,15_ham,1.4,0.7,7.1,1.4,3.5,4.2,0.7,1.4,0,0,0,0,0,0,0,0,0,0,0,0,0,0,120.3
2022/4/25,15_ham,0,0,0.7,1.4,0.7,1.4,0,1.4,0,0,1.4,0.7,0,0,0,0,0,0,0,0,0,0,41.7
2022/4/30,15_ham,0,0.7,0,3.5,2.1,3.5,5,4.2,1.4,0.7,0.7,0.7,0.7,0,0,0,0,0,0,0,0,0,43.1
2022/5/6,15_ham,0,0,0.7,1.4,2.1,0.7,1.4,4.2,2.1,4.2,4.2,2.8,0,0,1.4,0,0.7,0,0,0,0,0,14.1
2022/5/11,ofu,0,0,0,0,0.7,0,0,0.7,0.7,0.7,0,0.7,0.7,2.1,0.7,4.2,1.4,0.7,0,0.7,0,0,9.9
2022/5/16,15_ham,0,0,0.7,0,0,0.7,4.2,2.8,2.1,2.1,3.5,2.1,1.4,2.1,2.1,9.2,4.2,2.8,0,0,0,0,61.5
2023/4/10,13_isi,0,0.4,0.7,0.7,0.4,0,0,0,0,0,0,0,0,0,0,0,0,0,0,0,0,0,29
2023/4/16,13_isi,1.1,0,0.4,0.7,0.7,0,0.4,0,0.4,0.4,0,0,0,0,0,0,0,0,0,0,0,0,14.1
2023/4/19,13_isi,0,0,0.4,0.4,0,0,0,0,0,0,0,0,0,0,0,0,0,0,0,0,0,0,4.6
2023/4/26,13_isi,0.4,0.7,1.8,0.4,0.7,0,0,0,1.1,0.7,0.4,0.4,0,0,0,0,0,0,0,0,0,0,24.1
2023/4/28,13_isi,0.7,0.7,1.8,1.4,1.1,0.7,0,0,0,0.4,0,0,0,0,0,0,0,0,0,0,0,0,68.3
2023/5/2,13_isi,8.8,5.7,5,1.1,1.4,1.4,1.1,0.4,0.4,1.4,0.7,0.4,0,0,0.4,0,0,0.4,0,0,0,0,93.4
2023/5/8,13_isi,1.1,0.7,1.1,1.1,0.7,0.4,0,0,0.4,0.4,0.7,0,0,0,0,0,0,0,0,0,0,0,31.1
2023/5/10,13_isi,0.7,0,0,0.4,0.4,0.4,0,0,0,0,0.4,0,0,0,0,0,0,0,0,0,0,0,48.1
2023/5/12,13_isi,0,0,0.4,1.4,2.1,2.1,0.7,0,1.8,0,1.1,2.5,2.1,3.5,3.2,4.2,1.8,0.4,1.1,0,0,0,187.8
2023/5/19,13_isi,0,0,0,1.1,0,0,0.4,0.4,0,0,0,0,0.4,0,0,0.4,0.4,0.7,0.4,0,0,0,65.8
2023/5/24,13_isi,0.7,0.4,0,0.4,0.4,0.4,0.4,0,0,0,0,0,0,0,0,0,0,0,0,0,0,0,31.1
2023/4/10,15_ham,0,0,0,0,0,0,0,0,0,0,0,0,0,0,0,0,0,0,0,0,0,0,2.8
2023/4/19,15_ham,0,0,0,0.7,0.7,0,0,0,0,0,0,0,0,0,0,0,0,0,0,0,0,0,6.4
2023/5/2,15_ham,0,0,0,0,0,0.7,0.7,0,0,0,0.7,0,0,0,0,0,0,0,0,0,0,0,12.7
2023/5/8,15_ham,0,0,0,0,0.7,0,0,0,0.7,0.7,0,0.7,0.7,1.4,0,0,0,0,0,0,0,0,198.1
2023/5/10,15_ham,0,0,0,0,1.4,0.7,0,0,0.7,0,2.1,0,0,1.4,1.4,0.7,0,0,0,0,0,0,90.5
2023/5/18,15_ham,0,0,0,0.7,0,0,0,0,0,0,0.7,0,1.4,0.7,0,0,0,0,0,0,0,0,24.1
2023/5/22,15_ham,0,0,0,0,0,0,0,0,0,0.7,0.7,0,0,0,0,0,0,0,0,0,0,0,3.5
2023/5/24,15_ham,0,0,0.7,0,0,0,0,0.7,0,0,0,0,0,0,0,0,0,0,0,0,0,0,400.4
2024/4/11,13_isi,0.4,0,0,0.4,0,0,0,0,0,0,0,0,0,0,0,0,0,0,0,0,0,0,24.1
2024/4/16,13_isi,0.4,1.4,1.1,0.7,1.1,0,0.4,0,0,0,0,0,0,0,0,0,0,0,0,0,0,0,117.4
2024/4/19,13_isi,2.1,3.9,5.3,4.6,3.2,2.8,0.7,0.4,0.7,0,0,0,0,0,0,0,0,0,0,0,0,0,84.2
2024/4/23,13_isi,3.5,6.4,2.1,5.7,5,2.1,2.8,1.1,1.1,0.7,1.1,0,0,0.4,0,0,0,0,0,0,0,0,92
2024/4/26,13_isi,4.6,5,2.8,4.2,1.4,1.8,2.8,0.4,1.1,0,0,0.4,0,0.4,0,0,0,0,0,0,0,0,72.5
2024/4/29,13_isi,2.1,14.1,9.9,8.8,2.1,1.1,1.4,1.4,2.1,0.7,1.4,0,0.4,0.7,0,0,0,0,0,0,0,0,260.7
2024/5/2,13_isi,0,2.1,0.7,1.4,1.1,0,0,0.4,0,0,0.4,0.7,0,0.4,0,0,0,0,0,0,0,0,36.1
2024/5/6,13_isi,0.4,0.4,0,2.1,1.4,1.4,0,0,0,0,0,0,0,0,0,0,0,0,0,0,0,0,53.8
2024/5/9,13_isi,3.9,7.8,6,3.9,6.7,3.9,3.9,0.7,1.1,1.4,0.7,0,0.7,0,0.4,0,0.7,0,0,0,0,0,478.2
2024/5/14,13_isi,1.1,2.5,0.7,3.5,0.7,0.7,1.4,1.1,1.4,1.1,0,0,0,0.4,0,0,0.4,0,0,0,0,0,212.6
2024/5/16,13_isi,1.4,3.9,2.1,2.1,2.8,3.5,2.8,2.1,1.4,1.4,1.8,0.7,0,0.7,0,1.1,0.4,0,0,0,0,0,415.6
2024/4/11,15_ham,0,0,0,0,0,0,0,0,0,0,0,0,0,0,0,0,0,0,0,0,0,0,24.8
2024/4/15,15_ham,0,0.7,0.7,2.1,0.7,0.7,0,0,0,0,0,0,0,0,0,0,0,0,0,0,0,0,21.9
2024/4/18,15_ham,0,0.7,2.8,0,1.4,0,0.7,0,0,0,0,0,0,0,0,0,0,0,0,0,0,0,46.7
2024/4/22,15_ham,0,0.7,2.1,4.2,8.5,3.5,2.1,2.1,0.7,0,0.7,0,0,0,0,0,0,0,0,0,0,0,69.3
2024/4/26,15_ham,0,0.7,1.4,0,1.4,2.1,0.7,0.7,0.7,0,0,0,0,0.7,0,0,0,0,0,0,0,0,45.3
2024/4/30,15_ham,0,1.4,2.8,3.5,2.1,1.4,0.7,0.7,0.7,0,0,1.4,0,0,0,0,0,0,0,0,0,0,69.3
2024/5/2,15_ham,0,0.7,2.1,2.1,0.7,1.4,1.4,0.7,0,1.4,0,0,0.7,0.7,0,0,0,0,0,0,0,0,40.3
2024/5/7,15_ham,0,0,0,0.7,0,0.7,0,0,0,0,0,0.7,0,0,0,0,0,0,0,0,0,0,7.8
2024/5/9,15_ham,0.7,0.7,4.2,3.5,14.9,13.4,4.2,3.5,3.5,0.7,1.4,0.7,0,1.4,0.7,1.4,0,0,0,0,0,0,428.7
2024/5/13,15_ham,0,0.7,0.7,2.8,1.4,0.7,0.7,0,0,0,0.7,0,0.7,0,0,0.7,0,0,0,0,0,0,125.2
2024/5/16,15_ham,0,0,4.2,2.1,1.4,2.1,5.7,3.5,2.8,2.8,0.7,0,0,0,0,0.7,0,0,0,0,0,0,388.3
2025/4/9,13_isi,7.5,4.6,4.6,3.2,3.9,2.1,1.4,1.4,0.4,0.4,0,0,0,0,0,0,0,0,0,0,0,0,107.2
2025/4/14,13_isi,1.1,2.5,4.6,3.2,2.1,3.2,3.5,2.5,1.1,0.7,1.1,0.4,0,0,0,0,0,0,0,0,0,0,41
2025/4/22,13_isi,2.5,8.8,10.6,15.2,13.4,7.4,10.3,5.3,4.6,7.1,3.2,4.6,1.8,2.5,1.1,1.4,0,0,0,0,0,0,263.8
2025/4/24,13_isi,2.8,9.9,18,17.7,13.4,11.3,12,10.3,9.5,7.1,5,4.2,5.7,3.2,0.7,0,0,0,0,0,0,0,517.8
2025/4/28,13_isi,9.6,16.3,17.7,25.8,21.9,20.5,9.2,5,7.4,9.5,6,8.1,2.8,2.1,2.1,0.7,0,0,0,0,0,0,911.8
2025/5/8,13_isi,0.4,3.2,11.7,10.3,18,14.5,6.4,3.2,3.5,2.8,2.8,1.8,2.8,3.2,2.1,0.4,2.1,0.7,0.4,0,0,0,413.5
2025/5/21,13_isi,0,5.7,3.2,2.5,1.4,0,0,0,1.1,1.1,3.2,6.4,0.7,3.5,3.5,2.8,0.4,0,0,0,0,0,"3,258.90"
2025/4/10,13_isi,1.4,1.4,1.4,1.4,2.8,0.7,0.7,0.7,0.7,1.4,2.1,0,0,0,0,0,0,0,0,0,0,0,100.4
2025/4/14,13_isi,0,0,1.4,0,0.7,1.4,2.1,0,0,1.4,0.7,0,0,0,0,0,0,0,0,0,0,0,6.4
2025/4/22,13_isi,0.7,3.5,7.1,4.2,6.4,10.6,5.7,3.5,6.4,5,3.5,7.1,3.5,2.1,3.5,1.4,0,0.7,0,0,0,0,170.5
2025/4/24,13_isi,2.1,7.1,7.8,10.6,6.4,7.8,12,2.8,5.7,4.2,2.1,2.8,2.8,0.7,0.7,0.7,0,0,0,0,0,0,244
2025/4/28,13_isi,1.4,2.8,2.8,5,4.2,2.1,1.4,2.8,4.2,0.7,0.7,1.4,0.7,2.1,0.7,0,0,0,0,0,0,0,108.9
2025/5/21,13_isi,0,0,0,0,0,0,0,0,0,1.4,0,2.8,2.8,2.8,2.8,0,1.4,1.4,2.8,0,0,0,738.5
2025/4/9,15_ham,0.7,2.1,0.7,1.4,2.1,1.4,0,0.7,0.7,0,0,0.7,0,0,0,0,0,0,0,0,0,0,40.3
2025/4/15,15_ham,0,2.1,2.1,4.2,2.1,1.4,3.5,3.5,1.4,0.7,0.7,1.4,0,0.7,0.7,0,0,0,0,0,0,0,98.3
2025/4/21,15_ham,0,0,4.2,8.5,8.5,11.3,9.9,7.1,4.2,5,6.4,4.2,3.5,2.1,0,0,0,0,0,0,0,0,73.6
2025/4/24,ofu,0,1.4,0.7,0.7,0.7,1.4,1.4,2.1,1.4,1.4,2.1,2.8,2.1,1.4,0,0,0,0,0,0,0,0,104
2025/4/28,15_ham,0,0.7,5,7.1,3.5,2.8,6.4,4.2,5.7,5.7,4.2,2.1,4.2,6.4,2.1,2.8,0,0,0,0,0,0,319
2025/5/8,15_ham,0,0.7,4.2,2.8,2.1,2.1,2.1,1.4,0.7,0,0.7,0,0,0.7,0.7,0.7,0.7,0,0,0,0,0,66.5
2025/5/21,15_ham,0,0,0,0,0,0,0,0,0,0,0,0,1.4,0,0,0,1.4,1.4,0,0,0,0,420.2
2009/4/15,16_tom,0,0,0.5,0,0,0.5,0.5,0,0,0,0,0,0,0,0,0,0,0,0,0,0,0,29.2
2009/4/20,17_sut,0,0,0,0.7,0.4,0,0,0,0.4,0,0,0,0,0,0,0,0,0,0,0,0,0,141.5
2009/4/21,16_tom,0,0,0.5,0.5,0,0,0.5,1.4,0.5,0,0,0,0,0,0,0,0,0,0,0,0,0,41
2009/4/27,16_tom,0,0,0,0.5,0,0,0.5,0.5,1.9,0.5,0.5,0,0,0,0,0,0,0,0,0,0,0,26.4
2009/4/29,17_sut,0,0,0,0,0.4,0,1.4,2.5,5.3,4.2,3.5,1.4,0.4,1.1,0.4,0,0,0,0,0,0,0,190.6
2009/5/1,16_tom,0,0,0,0,0,0,0.5,0.5,0.5,0,0,0,0,0,0,0,0,0,0,0,0,0,4.7
2009/5/7,16_tom,0,0,0,0.5,0,1.4,1.9,0.9,1.9,1.4,2.4,1.4,0,0.5,0.9,0,0,0,0,0,0,0,57.5
2009/5/8,17_sut,0,0,0,0,0,0,0.7,0.7,1.1,0,0.7,0.7,0,0.7,1.8,0.7,0.4,0,0,0,0,0,53.4
2009/5/15,16_tom,0,0,0,0,0,0,0,0.5,0.5,0,0.9,0,0,0.5,0,0,0,0,0,0,0,0,38.2
2009/5/20,16_tom,0,0,0,0,0,0.5,0,1.9,1.9,0.5,2.4,1.4,0,0.5,0.5,0,0,0,0,0,0,0,36.8
2009/5/21,17_sut,0,0,0,0,0,0,0,0,0,0,0.4,0.7,1.4,1.1,0.4,2.1,0,0,0,0,0,0,52.7
2009/5/27,16_tom,0,0,0,0,0,0,0,0,0.5,0.5,0,0,0.5,0,0,0,0,0,0,0,0,0,52.3
2010/4/6,16_tom,0,0,0,0,0,0,0,0,0,0,0,0,0,0,0,0,0,0,0,0,0,0,0.5
2010/4/12,16_tom,0,0,0,0,0,0,0,0,0,0,0,0,0,0,0,0,0,0,0,0,0,0,4.2
2010/4/19,16_tom,0,0,0.9,0,0,0,0,0,0,0,0,0,0,0,0,0,0,0,0,0,0,0,4.7
2010/4/20,17_sut,0,0,0,0,0,0,0,0,0,0,0,0,0,0,0,0,0,0,0,0,0,0,5.7
2010/4/27,17_sut,0,0,1.1,0.4,0,0,0,0,0,0,0,0,0,0,0,0,0,0,0,0,0,0,20.9
2010/4/27,16_tom,0,0,0.9,0.5,0,0,0,0,0,0,0,0,0,0,0,0,0,0,0,0,0,0,4.2
2010/5/4,17_sut,0,0,0,0.7,0.4,0.4,0,0.7,0,0,0,0,0,0,0,0,0,0,0,0,0,0,24.1
2010/5/4,16_tom,0,0,0.5,0.5,0,0.5,0.5,0,0.5,0,0,0,0,0,0,0,0,0,0,0,0,0,16
2010/5/10,17_sut,0,0,0,1.1,0,0,0,0,1.1,0,0,0,0,0.4,0,0,0,0,0,0,0,0,32.5
2010/5/11,16_tom,0,0,0,0.5,0.9,0.5,0.5,0,0,0.5,0.5,0.5,0.9,0.9,0.5,0,0,0,0,0,0,0,36.8
2010/5/18,16_tom,0,0,0.5,1.9,0.5,0.5,0,0.9,0.5,0.5,0.5,0,0.5,0,0.9,0.5,0,0,0,0,0,0,63.7
2010/5/26,16_tom,0,0.5,0,0.5,0,0,0,0.5,0.5,0.5,0.5,0,0,0,0,0,0,0,0,0,0,0,17
2010/6/1,16_tom,0,0,0.5,0,0,0.5,0.5,0.9,0.5,0.5,0.9,1.4,0.9,0.5,0.5,0,0,0,0,0,0,0,69.8
2011/4/6,16_tom,0,0.5,0.5,0,0,0,0,0,0,0,0,0,0,0,0,0,0,0,0,0,0,0,22.2
2011/4/12,16_tom,0,0,0.9,0.9,0,0.9,0,0,0.5,0,0,0,0,0,0,0,0,0,0,0,0,0,49.5
2011/4/19,17_sut,0,0,1.8,3.2,1.1,1.4,0,0.4,0,0,0,0,0,0,0,0,0,0,0,0,0,0,155.6
2011/4/19,16_tom,0,0,1.9,0.5,0,0.5,0.5,0.5,0,0.5,0,0.9,0,0,0,0,0,0,0,0,0,0,34.9
2011/4/22,16_tom,0,0,0.5,1.4,0.5,1.9,0.5,0.9,0,0.9,0,0,0,0,0,0,0,0,0,0,0,0,30.7
2011/4/27,17_sut,0,0.7,0.4,0.4,0.4,0.7,0.4,0.4,0.4,0,0,0,0,0,0,0.4,0,0,0,0,0,0,27.9
2011/5/3,16_tom,0,0.5,0.5,0.9,0.9,0.5,0,0,0,0.5,1.9,0.5,0,0,0,0,0,0,0,0,0,0,88.7
2011/5/10,17_sut,1.1,2.8,2.1,1.4,0.4,0.4,0,0,0,0,0,0,0,0,0,0,0,0,0,0,0,0,98.7
2011/5/11,16_tom,0.5,1.9,0.9,0.9,0.5,1.4,1.4,0,0,0,0,0,0.5,0,0,0,0,0,0,0,0,0,50.5
2011/5/18,16_tom,0,0,0,0,1.9,1.9,2.4,0.9,1.9,0.9,1.4,0.9,0,0,0,0.5,0,0,0,0,0,0,16.5
2011/5/24,16_tom,0,0,1.4,0.5,0,0,0,0.9,0.5,0,0.5,0,0,0,0,0,0,0,0,0,0,0,21.2
2011/5/31,16_tom,0,0.5,0.5,2.8,1.9,0,0.5,0.5,0.5,0,0,0,0,0,0,0,0,0,0,0,0,0,33.5
2011/6/7,16_tom,0,0,0,0,0,0,0,0.5,0,0.5,0,0,0,0,0,0,0,0,0,0,0,0,9
2012/4/10,16_tom,0,0,0,0,0,0,0,0,0,0,0,0,0,0,0,0,0,0,0,0,0,0,6.1
2012/4/17,17_sut,0,0,0,0,0,0,0,0,0,0,0,0,0,0,0,0,0,0,0,0,0,0,4.6
2012/4/18,16_tom,0,0.5,0,0,0,0,0,0,0,0,0,0,0,0,0,0,0,0,0,0,0,0,15.1
2012/4/24,17_sut,0,1.4,0.7,0,0,0,0,0,0,0,0,0,0,0,0,0,0,0,0,0,0,0,13.1
2012/4/24,16_tom,0.5,1.4,0,0.9,0,0,0,0,0,0,0,0,0,0,0,0,0,0,0,0,0,0,35.8
2012/5/1,17_sut,0,0.4,0.7,0.4,1.1,0,0,0.4,0,0.4,0,0,0,0,0,0,0,0,0,0,0,0,16.3
2012/5/1,16_tom,0,0,0.5,0,0.5,0,0,0,0,0,0,0,0,0,0,0,0,0,0,0,0,0,16.5
2012/5/5,16_tom,0,0.9,0.9,0.5,1.4,0.5,0.5,0.5,0.5,0.9,0,0.5,0,0,0,0,0,0,0,0,0,0,25.9
2012/5/8,17_sut,0,0,0.4,0,0.4,0,0.7,0.7,1.1,0.4,0,0,0,0.4,0,0,0,0,0,0,0,0,15.2
2012/5/8,16_tom,1.9,2.8,1.9,6.1,2.8,1.4,0.9,0.5,0.9,0.9,1.4,0.5,0,0,0,0.9,0,0,0,0,0,0,66.5
2012/5/15,16_tom,0,0.5,0,0,0,0.5,0.5,0.5,1.4,0.5,0,0,0,0,0.9,0,0,0,0,0,0,0,198.1
2012/5/22,16_tom,0,0.5,0,3.3,4.2,1.4,0,0,0,0.5,0,0,0,0.5,0.5,0.9,1.4,0.5,0.5,0,0,0,104.2
2012/5/29,16_tom,0,0,0,0,0,0,0,0,0.5,0,0,0,0.5,0,0,0,0,0,0,0,0,0,25.5
2013/4/2,16_tom,0,0,0,0,0,0,0,0,0,0,0,0,0,0,0,0,0,0,0,0,0,0,0
2013/4/9,16_tom,0,0,0,0,0,0,0,0,0,0,0,0,0,0,0,0,0,0,0,0,0,0,0
2013/4/16,16_tom,0,0,0,0,0,0,0,0,0,0,0,0,0,0,0,0,0,0,0,0,0,0,0
2013/4/23,16_tom,0.5,0.9,0,0,0,0.5,0,0,0,0,0,0,0,0,0,0,0,0,0,0,0,0,2.8
2013/4/30,17_sut,4.2,2.5,2.5,2.1,0,0.4,0,0,0.7,0,0,0,0,0,0,0,0,0,0,0,0,0,14.1
2013/4/30,16_tom,3.8,3.8,3.3,0.9,1.4,0.5,0.5,0.5,0.5,0,0,0,0,0,0,0,0,0,0,0,0,0,55.2
2013/5/3,16_tom,0.5,0.5,0.5,0,0,0,0,0,0,0,0,0.5,0,0,0,0,0,0,0,0,0,0,8
2013/5/7,16_tom,5.2,6.1,2.8,1.9,0.9,1.9,0.5,1.4,1.4,0.5,1.4,0.9,0,0.9,1.9,0.9,0,0,0,0,0,0,72.2
2013/5/8,17_sut,2.5,2.1,3.5,1.1,1.4,0.7,1.1,0.7,1.4,1.4,0.7,0,0,0.7,0.4,0.4,0,0,0,0,0,0,22.6
2013/5/14,17_sut,2.1,5,1.4,1.8,1.8,1.1,2.5,0.7,0,0.4,0.4,1.4,0.4,0.4,0,0,0,0,0,0,0,0,20.9
2013/5/14,16_tom,2.4,3.3,2.8,0.5,0.5,0.5,0,0.5,0.5,0.9,0,0,0.5,0,0.9,0,0,0,0,0,0,0,24.1
2013/5/21,16_tom,0,0.5,1.4,0.9,0.5,0.5,0.9,0.5,0.9,0.5,0,0.5,0.5,0.9,0.9,0.9,0,0.5,0,0,0,0,14.2
2013/5/28,16_tom,0,0,0,0,0,0,0,0.9,0,0,0,0,0,2.8,4.7,0.5,0,0,0.5,0,0,0,8
2014/4/9,16_tom,0,0,0,0,0,0,0,0,0,0,0,0,0,0,0,0,0,0,0,0,0,0,0
2014/4/17,16_tom,0,0,0,0,0,0,0,0,0,0,0,0,0,0,0,0,0,0,0,0,0,0,0.5
2014/4/21,17_sut,0,0,0,0,0,0,0,0,0,0,0,0,0,0,0,0,0,0,0,0,0,0,0.4
2014/4/23,16_tom,0,0.5,0,0,0,0,0,0,0,0,0,0,0,0,0,0,0,0,0,0,0,0,2.4
2014/4/29,17_sut,0,0,0,0,0,0,0,0,0,0,0,0,0,0,0,0,0,0,0,0,0,0,16.7
2014/4/30,16_tom,0,0,0,0.5,0,0,0,0,0,0,0,0,0,0,0,0,0,0,0,0,0,0,2.8
2014/5/8,17_sut,0.7,0,0,0,0,0,0.4,0.4,0,0,0,0,0,0,0,0,0,0,0,0,0,0,10.3
2014/5/8,16_tom,0.5,0,0,0.5,0,0,0,0,0,0,0,0,0,0,0,0,0,0,0,0,0,0,2.4
2014/5/14,17_sut,1.4,0,0,0,0,0,0,0,0,0,0,0,0,0,0,0,0,0,0,0,0,0,4.6
2014/5/14,16_tom,0,0,0,0.5,0,0,0,0,0,0.5,0,0,0,0,0,0,0,0,0,0,0,0,1.9
2014/5/19,17_sut,7.4,14.2,18,6.7,1.8,0.4,0,0,0,0,0,0,0,0,0,0,0,0,0,0,0,0,947.9
2014/5/19,16_tom,0,0,0,0,0,0.9,0.5,0,0,0,0,0,0,0,0,0,0,0,0,0,0,0,18.9
2014/5/22,17_sut,7.1,4.2,1.8,2.8,2.5,0.4,0.7,0,0,0.4,0,0,0.4,0,0.4,0,0,0,0,0,0,0,44.6
2014/5/22,16_tom,0.9,0.9,1.4,5.7,2.4,2.8,1.9,0,1.4,0,0,0,0,0,0,0,0,0,0,0,0,0,99
2014/5/29,17_sut,0,0.7,1.1,1.1,1.1,0.7,0.4,0.4,0,0.4,0,0,0,0,0,0,0,0,0,0,0,0,46
2014/5/29,16_tom,0,0,0,0,0,1.9,0,0.5,0.9,1.4,0.5,0,0.5,0,0,0,0.5,0,0,0,0,0,13.7
2015/4/10,17_sut,2.8,0.7,1.4,0.7,0,0.7,0,0,0,0,0,0,0.7,0,0,0,0,0,0,0,0,0,
2015/4/16,16_tom,0.9,3.3,3.3,0.9,0.9,0.5,0.5,0.5,0.9,0.5,0,0,0.9,0.5,0,0,0,0,0,0,0,0,76.4
2015/4/17,17_sut,0.7,1.8,1.4,0.7,1.1,0,0,0,0.4,0,0,0,0.7,0,0,0,0,0,0,0,0,0,27.2
2015/4/23,17_sut,0,0,0,0,0.4,0.4,0,0,0,0,0,0,0,0.4,0,0,0,0,0,0,0,0,22.4
2015/4/23,16_tom,0,0,0,0,0.5,0,0,0.5,0,0,0,0.5,0,0.5,0,0.9,0,0,0,0,0,0,55.2
2015/4/24,17_sut,0.4,0,0,0.4,0,0,0,0,0,0,0,0,0,0,0,0,0,0,0,0,0,0,22.6
2015/4/27,16_tom,0,0.5,0,0,0,0,0.9,0.5,0.5,0,0,0.5,0,0,1.4,0,0,0,0,0,0,0,12.3
2015/4/28,17_sut,0,0,0.4,0.4,0,0.4,0,0,0,0,0.4,0,0,0,0,0,0,0,0,0,0,0,5.3
2015/4/30,16_tom,0,0,0,0,0,0,0,0,0,0,0,0,0,0,0,0,0,0,0,0,0,0,26.4
2015/5/2,17_sut,2.5,1.8,1.8,0.4,0,0,0,0,0.4,0,0.4,0,0,0,0,0,0,0,0,0,0,0,28.3
2015/5/7,17_sut,3.5,2.1,0.7,2.5,1.8,0.4,0.4,0,0,0.4,0,0,0,0,0.4,0,0,0,0,0,0,0,16.3
2015/5/7,16_tom,0.5,0.5,0,0,0,0,0,0,0,0,0,0,0,0,0,0,0,0.5,0,0,0,0,1.9
2015/5/11,17_sut,0,2.8,1.8,1.1,0.4,0,0,0,0,0,0.4,0.4,0,0,0,0,0.4,0,0,0,0,0,14.9
2015/5/14,16_tom,0,0.5,0,0.5,0.5,0.5,0.5,0,0.5,0.5,0.5,0.5,0,0,0,0,0,0,0,0,0,0,16.5
2015/5/18,17_sut,0,0,0.4,0.4,0.7,0.7,0,1.1,0,0.4,0.4,0.7,0.4,0.7,1.1,0.4,0,0,0.4,0,0,0,32.2
2015/5/29,17_sut,0,0,0,0,0,0,0,0,0,0,0,0,0,0,0,0,0.4,0,0,0,0,0,6
2016/4/5,16_tom,0,0,0,0,0,0,0,0,0,0,0,0,0,0,0,0,0,0,0,0,0,0,0.5
2016/4/12,16_tom,0,0.5,0.5,0,0,0,0,0.5,0,0,0,0,0,0,0,0,0,0,0,0,0,0,13.7
2016/4/13,17_sut,0,0,0.4,0.4,0.7,0.4,0,0,0,0,0,0,0,0,0,0,0,0,0,0,0,0,2.5
2016/4/19,16_tom,0,0,1.4,0.5,0,0,0.5,0,0,0,0,0,0,0,0,0,0,0,0,0,0,0,9.4
2016/4/20,17_sut,0.4,1.8,6.4,3.5,1.4,1.8,0.4,0.4,0,0.4,0,0,0,0,0,0,0,0,0,0,0,0,12.7
2016/4/26,17_sut,0.4,0.7,0.7,1.1,0.4,0,0,0,0.4,0,0,0.4,0,0,0,0,0,0,0,0,0,0,18
2016/4/27,16_tom,0,0.5,0.9,0.9,1.9,1.9,1.4,1.4,1.4,1.4,0,0.5,0,0.5,0,0,0,0.9,0,0,0,0,24.1
2016/5/2,17_sut,0,1.8,2.1,3.5,1.4,1.4,1.4,0.7,1.1,2.1,1.1,0.4,1.4,0.4,0,0,0,0,0,0,0,0,12.7
2016/5/2,16_tom,0,0,0,0,0,0,0,0,0,0,0,0,0,0,0,0,0.5,0,0,0,0,0,10.9
2016/5/9,16_tom,0,0,0,0,0,0,0,0,0.9,0,0.5,0.5,0,0,0,0,0,0,0,0,0,0,3.3
2016/5/10,17_sut,0,0,0.7,0.7,0.7,0.7,0.7,0,1.1,0.4,0.4,0.4,0,0.7,0,0.4,0,0.7,0,0,0,0,14.1
2016/5/18,16_tom,0,0.5,0.5,0.9,0.5,0.5,0,0.5,0,0,0,0,0.5,0,0,0,0,0,0,0,0,0,95.7
2017/4/12,16_tom,0,0,0,0,0,0,0,0,0,0,0,0,0,0,0,0,0,0,0,0,0,0,0.5
2017/4/19,16_tom,0.5,0.9,1.9,0.9,1.4,0.5,0,0,0,0,0,0,0,0,0,0,0,0,0,0,0,0,4.2
2017/4/25,17_sut,2.1,2.1,1.1,0.7,0,0.4,0,0.4,0.4,0,0,0,0,0,0,0,0,0,0,0,0,0,13.8
2017/4/25,16_tom,0,0,0,0,0,0,0,0,0,0,0,0,0,0,0,0,0,0,0,0,0,0,
2017/4/27,16_tom,4.2,2.4,1.4,0,0,0,0,0,0,0,0,0,0,0,0,0,0,0,0,0,0,0,14.6
2017/5/1,17_sut,8.2,7.1,12,3.5,3.2,0.4,0,1.1,0.7,0.4,0.4,0.4,0.4,0.4,0,0,0,0,0,0,0,0,47.4
2017/5/2,16_tom,1.9,3.3,8,5.7,3.3,2.8,0,0,0.5,0,0,0.5,0,0,0,0.5,0,0,0,0,0,0,50
2017/5/9,17_sut,0.7,0,0,0.7,0.4,0.4,0.7,0.4,0.4,0,0,0.4,0,0,0,0,0,0,0,0,0,0,10.3
2017/5/9,16_tom,0.5,1.9,3.8,4.7,0.9,1.4,0.9,0,0.5,0,0,0,0.5,0,0,0.5,0,0,0,0,0,0,32.5
2017/5/16,17_sut,0.7,0,1.4,0.4,0.4,0,0,0.7,0.7,0.4,0,0,0.4,0,0,0,0.4,0.7,0,0,0,0,14.5
2017/5/16,16_tom,0.5,1.4,2.8,2.8,0.9,0.9,2.8,1.9,0.9,1.4,0.5,0.5,0.9,0,0.5,0.9,0.5,0.5,0,0,0,0,63.2
2024/4/9,16_tom,0,0,0,0,0,0,0,0,0,0,0,0,0,0,0,0,0,0,0,0,0,0,0
2024/4/16,16_tom,0,0,0,0,0,0,0,0,0,0,0,0,0,0,0,0,0,0,0,0,0,0,1.9
2024/4/18,17_sut,0,0,0,0,0,0,0,0,0,0,0,0,0,0,0,0,0,0,0,0,0,0,0.7
2024/4/23,16_tom,0,0,0,0,0,0,0,0,0,0,0,0,0,0,0,0,0,0,0,0,0,0,5.2
2024/4/26,17_sut,0.7,0,0,0,0,0,0,0,0,0,0,0,0,0,0,0,0,0,0,0,0,0,3.5
2024/4/26,16_tom,0,0,0,0,0,0,0,0,0,0,0,0,0,0,0,0,0,0,0,0,0,0,2.4
2024/4/30,16_tom,0.5,0.9,1.9,3.3,0.9,0,0.9,0.9,1.9,0.9,1.9,0.5,0.5,0.5,0,0,0,0,0,0,0,0,9.9
2024/5/2,16_tom,4.2,0,0.5,0.9,1.9,0,0,1.4,0,0.5,0.5,0.5,0,0.9,0,0,0,0,0,0,0,0,11.3
2024/5/2,17_sut,29.7,2.8,2.1,1.4,1.4,1.4,2.1,4.2,2.1,2.8,1.4,2.1,1.4,2.8,0.7,0,0,0,0,0,0,0,113.9
2024/5/4,16_tom,24.5,9,0,0,0.5,0.5,0.5,0.5,0,0,0,0,0,0.5,0.5,0.5,0,0,0,0,0,0,12.3
2024/5/8,16_tom,12.7,17.9,18.9,5.7,2.4,0,0,0,0.5,0,0,0,0,0.5,0.5,0,0,0,0,0,0,0,60.8
2024/5/9,17_sut,13.4,22.6,20.5,9.9,2.8,2.1,1.4,0.7,2.8,2.1,2.1,0,0.7,0.7,0,0.7,0,0,0,0,0,0,134.4
2024/5/14,16_tom,0,0.9,2.8,3.3,5.2,2.8,1.4,0.9,0,0,0.5,0,0,0,0,0,0,0,0,0,0,0,30.7
2024/5/14,17_sut,1.4,1.4,1.4,0.7,2.8,2.1,1.4,1.4,0,0,0,0,0,0,0,0,0,0,0,0,0,0,55.9
2024/5/21,16_tom,0.5,0.5,1.4,2.4,2.4,1.9,0.5,1.4,0.9,0.5,1.4,0.5,0.5,0.5,0,0,0.5,0,0,0,0,0,64.6
2024/5/29,16_tom,0,0,0,0,0,0,0,0.9,0,0,0,0,0,0,0,0,0.5,0,0,0,0,0,155.2
2024/6/5,16_tom,0,0,0,0,0,0,0,0.5,0,0,0,0,0.5,0,0,0,0,0,0,0,0,0,112.7
2024/6/13,16_tom,0,0,0,0,0,0,0,0,0,0,0,0,0,0,0,0,0,0,0,0,0,0,0
2024/6/19,16_tom,0,0,0,0,0,0,0,0,0,0,0,0,0,0,0,0,0,0,0,0,0,0,0
2025/3/25,16_tom,0.5,0,0,0,0,0,0,0,0,0,0,0,0,0,0,0,0,0,0,0,0,0,2.8
2025/4/2,16_tom,14.6,6.6,2.8,0,0,1.9,0,0,0,0,0,0,0,0,0,0,0,0,0,0,0,0,13.7
2025/4/8,16_tom,4.7,14.1,23.6,14.1,9.4,4.7,4.7,0,9.4,0,0,0,0,0,0,0,0,0,0,0,0,0,56.6
2025/4/10,17_sut,9.1,15.5,14.2,18.1,15.5,12.9,5.2,3.9,0,1.3,2.6,0,0,0,0,0,0,0,0,0,0,0,59.5
2025/4/15,16_tom,0,3.3,6.1,3.8,3.8,1.4,2.4,1.4,1.4,0,0.9,0.9,0.5,0.9,0,0,0,0,0,0,0,0,8.5
2025/4/18,16_tom,0,0.9,2.4,0.9,1.9,2.4,0.9,1.9,0,2.4,0.9,0.5,0.5,0,0.5,0,0,0,0,0,0,0,32.5
2025/4/18,17_sut,0.7,5.7,5.7,5,2.8,2.1,1.4,2.1,1.4,0.7,0.7,0,0.7,0.7,0,0,0,0,0,0,0,0,12
2025/4/22,16_tom,1.4,1.4,2.4,3.8,2.4,1.9,3.3,1.4,0.9,0.9,0.9,0,0.9,1.4,0.9,0,0,0,0.9,0,0,0,18.4
2025/4/22,17_sut,7.8,0.7,2.8,1.4,1.4,0.7,1.4,2.8,1.4,1.4,1.4,2.1,1.4,1.4,0.7,0.7,0,0,0,0,0,0,9.2
2025/4/24,16_tom,1.4,1.9,4.2,5.2,5.7,4.7,2.8,3.8,2.8,3.8,1.4,1.9,1.9,2.8,0.9,0.9,0.5,0,0,0,0,0,20.7
2025/4/30,16_tom,0,0.5,0.5,0,0,0.9,0,1.4,0.5,0.9,1.4,1.9,0.5,1.9,0.5,0,0.5,0,0,0,0,0,9.9
2025/5/1,17_sut,3.5,0.7,0.7,2.1,1.4,0,0,0.7,0.7,1.4,0.7,0.7,0,1.4,2.1,0,0,0,0,0,0,0,11.3
2025/5/7,16_tom,0.5,3.3,3.8,0.9,0,0.5,4.2,0.9,0.9,1.4,0,0,0.5,0,0.9,0,0,0,0,0,0.5,0,28.8
2025/5/13,16_tom,1.4,0.5,0.5,0,0,0.9,1.4,0.9,0.9,0,0,1.4,0.5,1.4,0.5,1.4,0.5,0.5,0,0,0,0,37.3
2025/5/21,16_tom,0,0,0,0,0.5,0,0,0,0,0,0,0,0,0,0,0,0,0,0,0,0,0,8
2025/5/27,16_tom,0,0,0,0.5,0,0.5,0,0,0.5,0,0,0,0,0,0,0,0,0,0,0,0,0,21.2
2025/6/2,16_tom,0,0,0,0,0,0,0,0,0,0,0,0,0,0,0,0,0,0,0,0,0,0,5.2
2018/4/13,16_tom,0,0,0,0,0,0,0,0,0,0,0,0,0,0,0,0,0,0,0,0,0,0,5.2
2018/4/17,17_sut,0,0,0,0.4,0,0.4,0,0,0,0,0,0,0,0,0,0,0,0,0,0,0,0,4.6
2018/4/18,16_tom,0,0,0,0,0,0,0,0,0,0,0,0,0,0,0,0,0,0,0,0,0,0,4.7
2018/4/25,16_tom,0,0,0,0,0,0,0,0,0,0,0,0,0,0,0,0,0,0,0,0,0,0,4.7
2018/4/25,17_sut,9.9,7.8,2.1,1.8,1.1,0.7,1.1,0,0.4,0.4,0.7,0,0.4,0,0,0,0,0,0,0,0,0,24.4
2018/5/1,16_tom,0.9,1.9,2.4,1.9,1.4,0.9,0,0,0,0,0.5,0,0.5,0,0,0,0,0,0,0,0,0,14.1
2018/5/1,17_sut,0,0,0,0,0,0,0,0,0,0,0,0,0,0,0,0,0,0,0,0,0,0,1.1
2018/5/7,16_tom,0.9,0.9,0.9,2.4,1.4,0.5,0,0.9,0.5,0,0,0,0,0,0,0,0.5,0,0,0,0,0,30.7
2018/5/10,16_tom,0,0,0,0,0,0,0.5,0.5,0.5,0,0,0,0,0,0,0,0,0,0,0,0,0,12.7
2018/5/14,16_tom,0,0,0.5,0,0,0,0.5,0.9,0.5,0.5,0,0,0,0.5,0.5,0,0.5,0,0,0,0,0,14.1
2018/5/14,17_sut,0,0,0,0,0,0,0,0,0,0,0,0,0,0.7,0,0,0.4,0,0,0,0,0,6.7
2019/4/15,16_tom,0,0,0,0,0,0,0,0,0,0,0,0,0,0,0,0,0,0,0,0,0,0,107
2019/4/18,17_sut,0,0,0,0,0,0,0,0,0,0,0,0,0,0,0,0,0,0,0,0,0,0,47.7
2019/4/22,16_tom,0,0.9,0.9,0,0.9,0,0,0,0,0,0,0,0,0,0,0,0,0,0,0,0,0,41.5
2019/4/25,16_tom,0,0,0.5,0,0,0.5,0,0,0,0,0,0,0,0,0,0,0,0,0,0,0,0,9.9
2019/4/25,17_sut,0,0,0.4,0.4,0,0,0,0,0,0,0,0,0,0,0,0,0,0,0,0,0,0,62.2
2019/4/29,16_tom,0,0.5,0.5,1.4,0.9,0,0.5,0,0,0,0,0,0,0,0,0,0,0,0,0,0,0,69.8
2019/4/29,17_sut,1.1,1.1,0.4,2.5,2.5,1.1,0.7,0,0,0,0,0,0,0,0,0,0,0,0,0,0,0,66.8
2019/5/3,16_tom,0.5,0.5,1.4,0.5,0,0.9,0,0,0.5,0.9,0,0,0,0,0,0,0,0,0,0,0,0,96.2
2019/5/7,16_tom,0,0.9,1.9,0.9,0,0,0.5,0,0,0,0,0,0,0,0,0.5,0,0,0,0,0,0,38.2
2019/5/7,17_sut,0,0.4,0.4,0,0,0.4,0,0,0.4,0,0,0,0.4,0,0,0,0,0,0,0,0,0,8.5
2019/5/14,16_tom,0,0,0,0.5,0,0,0,0.5,0.9,0,0,0.5,1.4,1.4,0.5,0,0,0,0,0,0,0,61.3
2019/5/20,16_tom,0,0.5,0.9,0.9,0.9,0,0,0,0.5,0.5,0,0.5,0.5,0.5,0.9,0,0,0,0,0,0,0,60.4
2019/6/3,16_tom,0.9,1.9,0.5,1.9,0.9,0,0.9,0,0,0,0.5,0,0,0.9,0.5,0,0,0,0,0,0,0,386.7
2019/6/10,16_tom,0,0,0.5,0,0,0.5,0,0,0,0,0,0,0.5,0,0,0,0,0,0,0,0,0,94.3
2019/6/18,16_tom,0,0.5,0,0.5,0,0,0,0,0,0,0,0,0,0,0,0,0,0,0,0,0,0,46.7
2020/4/6,16_tom,0.5,0,0.5,0.5,0,0,0,0,0,0,0,0,0,0,0,0,0,0,0,0,0,0,11.8
2020/4/13,16_tom,0,0,0,0,0,0,0,0,0,0,0,0,0,0,0,0,0,0,0,0,0,0,55.2
2020/4/15,16_tom,0,0.5,0,0.5,0,0,0,0,0,0,0,0.5,0,0,0,0,0,0,0,0,0,0,73.1
2020/4/17,17_sut,0.7,0.7,0,0,0,0.4,0,0.4,0.4,0,0,0,0,0,0,0,0,0,0,0,0,0,22.6
2020/4/20,16_tom,0,1.9,2.4,1.4,1.4,0.5,0,0,0,0,0,0,0,0,0,0,0,0,0,0,0,0,17.4
2020/4/24,16_tom,0,0.5,0,0,0,0,0,0,0.5,0,0,0,0,0,0,0,0,0,0,0,0,0,15.6
2020/4/25,17_sut,0.4,0,0.4,0,0,0,0,0,0,0,0.4,0,0,0,0,0,0,0,0,0,0,0,13.1
2020/4/30,16_tom,0.5,0,0.5,0.5,0,0,0,0,0.9,0,0,0,0,0,0,0,0,0,0,0,0,0,7.5
2020/5/6,16_tom,0.5,0,0,0,0,0,0,0.5,0,0,0,0,0,0,0,0,0.5,0.5,0,0,0,0,12.3
2020/5/13,16_tom,0.9,0.9,0.9,1.9,0.9,0.5,0.5,0,0.9,0.5,0,0.5,0,0,0,0,0.5,0,0,0,0,0,24.1
2020/5/20,16_tom,0,0.5,1.4,3.3,1.4,1.4,1.9,2.8,3.3,2.4,1.4,1.9,1.4,1.4,0.5,0.9,0,0.5,0.5,0,0,0,74.5
2020/5/27,16_tom,0,0.9,0,0,0,0,0,0.5,0.5,0,0,0.5,0.5,1.4,0.9,0.5,0,0,0,0,0,0,34
2020/6/4,16_tom,0.5,0,0.5,0,0,0,0,0,0,0,0,0,0,0.5,0.5,0.9,0,0,0,0,0,0,22.2
2021/4/16,16_tom,0,0,0,0,0,0,0,0,0,0,0,0,0,0,0,0,0,0,0,0,0,0,0.5
2021/4/22,16_tom,0,0,0,0,0,0.5,0,0.5,0,0,0,0,0,0,0,0,0,0,0,0,0,0,3.3
2021/4/23,17_sut,0,0.4,0,0,0,0,0,0,0,0,0,0,0,0,0,0,0,0,0,0,0,0,0
2021/4/26,16_tom,0,0,0.9,0,0,0,0,0.5,0,0,0,0,0,0,0,0,0,0,0,0,0,0,3.3
2021/4/29,17_sut,1.4,1.8,1.4,0,0.4,0.4,0,0,0,0,0,0.4,0,0,0,0,0,0,0,0,0,0,2.5
2021/4/30,16_tom,3.3,0.5,2.4,0.5,0,0,0,0,0,0,0,0,0,0,0,0,0,0,0,0,0,0,1.4
2021/5/3,16_tom,0,0,0,0.5,0.5,0.5,0.5,0,0,0,0,0,0,0.5,0,0,0,0,0,0,0,0,4.7
2021/5/7,16_tom,0.5,0.5,0,0,0,0,0,0,0,0,0,0,0,0,0,0,0,0,0,0,0,0,1.9
2021/5/8,17_sut,0.4,1.8,2.1,0,0,0.7,0.4,0,0,0,0,0,0,0,0,0.4,0,0,0,0,0,0,3.2
2021/5/10,16_tom,0.5,0.9,3.3,0.9,0,0.5,0,0.5,0,0,0.5,0,0,0,0,0,0,0,0,0,0,0,56.1
2021/5/13,16_tom,0,0,0.9,0,0.5,0,0.5,0,0.5,0,0,0,0,0,0,0,0,0,0,0,0,0,10.4
2021/5/14,17_sut,0,0.7,1.8,1.1,0,0.7,0,0,0,0,0,0,0,0.4,0,0,0,0,0,0,0,0,3.5
2021/5/17,16_tom,0,0,0,0,0.5,0,0,0,0.5,0,0,0,0,0,0,0,0,0,0,0,0,0,1.9
2021/5/24,16_tom,0.5,0.9,3.3,4.2,1.4,1.4,0.9,0.9,0.5,0.5,0,0,0,0,0.5,0,0,0,0,0,0,0,12.3
2021/5/31,16_tom,0.5,0,0,0.5,0.5,0,0,0,0,0.5,0,0,0,0,0,0,0,0,0,0,0,0,3.8
2021/6/7,16_tom,0,0,0,0,0,0,0,0,0,0,0,0.5,0,0,0,0,0,0,0,0,0,0,3.3
2021/6/14,16_tom,0,0,0.9,0.9,0.5,0,0,0,0,0,0,0,0,0.5,0,0,0,0,0,0,0,0,7.5
2021/6/21,16_tom,0,0,0,0,0,0,0,0,0,0,0,0,0,0,0,0,0,0,0,0,0,0,8.5
2022/4/13,16_tom,0,0,0.5,0,0,0,0,0.5,0,0,0,0,0,0,0,0,0,0,0,0,0,0,5.2
2022/4/19,16_tom,1.4,1.9,1.9,2.8,0.5,0.9,0,0,0,0,0,0,0,0,0,0,0,0,0,0,0,0,16
2022/4/21,17_sut,0.7,2.1,2.8,2.1,0,0,0,0.7,0.7,0,0,0,0,0,0,0,0,0,0,0,0,0,15.6
2022/4/25,16_tom,1.4,0.5,0,0.9,0,0,0,0,0,0,0,0,0,0,0,0,0,0,0,0,0,0,1.4
2022/4/29,16_tom,0,0.9,0,0,0,0,0,0,0,0,0.5,0,0,0,0,0,0,0,0,0,0,0,2.4
2022/4/30,17_sut,0,2.1,0,0,0,0,0.7,0,0,0.7,0,0,0,0,0.7,0,0.7,0,0,0,0,0,2.8
2022/5/2,16_tom,0.5,0,0,0,0,0.5,0,0,0.5,0.5,0,0.5,0,0,0,0.5,0,0,0,0,0,0,9
2022/5/6,16_tom,1.9,4.7,0.9,0,0,0,0,0,0.5,0,0,0.9,0,0,0,0.5,0,0,0,0,0,0,11.8
2022/5/10,16_tom,0,0.9,2.4,0.9,0.5,0,0,0,0,0.5,0,0.5,1.4,0.5,0.5,0.5,0.5,0.5,0,0.5,0,0,5.7
2022/5/11,17_sut,0,0,0.7,0.7,0.7,0.7,0,1.4,0.7,0,0,0.7,0.7,0,0,0.7,0.7,0,0,0,0,0,11.3
2022/5/16,16_tom,0,0,0,0,0.5,0.5,0.5,0,0,0.5,0,0,0,0,0.5,0.5,0.5,0,0,0,0,0,21.2
2022/5/23,16_tom,0.5,0.9,0.5,0,0,0,0.5,0,0,0,0.5,0,0,0,0,0,0,0.5,0,0,0,0,38.7
2022/5/26,17_sut,6.4,9.2,9.2,2.1,0.7,1.4,2.8,2.1,0,0,0,0,0,0,0,0,0,0,0,0,0,0,58.7
2022/5/30,16_tom,0.5,0.9,0.5,0,0,0,0,0,0,0,0,0,0,0,0,0,0,0,0,0,0,0,243.3
2022/6/6,16_tom,0,0,0,0,0,0,0,0,0,0,0,0,0,0,0,0,0,0,0,0,0,0,24.1
2023/4/5,16_tom,11.8,2.8,1.9,0.5,0.5,0.5,0,0,0,0,0,0,0,0,0,0,0,0,0,0,0,0,9
2023/4/10,17_sut,0,0.7,0,1.4,0,0.7,0.7,1.4,0,0,0,0,0,0,0,0,0,0,0,0,0,0,12
2023/4/14,16_tom,0.5,0,0,0,0,0,0,0,0.5,0,0,0,0,0,0,0,0,0,0,0,0,0,5.2
2023/4/15,17_sut,2.8,0,0,0,0,0,0,0,0,0,0,0,0,0,0.7,0,0,0,0,0,0,0,7.8
2023/4/17,16_tom,0.9,0,0,0,0,0,0,0,0,0,0,0,0,0,0,0,0,0,0,0,0,0,2.8
2023/4/20,16_tom,3.8,1.4,0.5,0.5,0,0.9,0,0,0,0,0,0,0.5,0,0,0,0,0,0,0,0,0,9
2023/4/20,17_sut,0,0,0.7,0.7,0,0,0,0.7,0,0,0,0,0.7,0,0.7,0.7,0,0,0,0,0,0,4.2
2023/4/26,16_tom,5.7,2.8,4.2,2.8,1.9,0.9,0.5,0.5,0.5,0.5,0.5,0,0,0,0,0,0,0,0,0,0,0,9.4
2023/4/29,17_sut,0.7,1.4,0.7,1.4,0,0,0,0,0,0,0,0,0.7,0.7,0,0,0,0.7,0,0,0,0,25.5
2023/5/2,16_tom,0.5,1.4,0.5,0.5,0.5,0.9,0.5,0.5,0,0,0.5,0,0,0,0,0,0,0,0,0,0,0,9
2023/5/10,16_tom,0.9,0.5,0.9,0,0.5,0,0,0,0,0,0,0,0,0,0,0,0,0,0,0,0,0,9
2023/5/17,16_tom,0.5,0.9,1.4,2.4,0.9,0.5,0,0,0.5,0.5,0,0,0.5,0.5,0,0.5,0,0,0,0,0,0,36.3
2023/5/24,16_tom,2.4,1.4,2.8,0.9,0.5,0,0.5,1.4,0,1.9,0.5,0,0.5,0,0,0.5,0,0.5,0,0,0,0,96.7
2023/5/31,16_tom,0.5,0.5,0,0.9,0,0,0,0,0.5,0.9,0,0,0.5,0,0.5,0,0,0,0,0,0,0,266.9
2023/6/7,16_tom,0,0,0,0,0,0,0,0.5,0,0,0.5,0,0.5,0,0,0,0,0,0,0,0,0,61.8
2023/6/16,16_tom,0,0,0,0,0,0,0,0,0,0,0,0,0.5,0,0,0,0,0,0,0,0,0,3.8
